Year,SMW,temperature_2m_mean (°c),dew_point_2m_max (°c),relative_humidity_2m_max (%),relative_humidity_2m_mean (%),relative_humidity_2m_min (%),surface_pressure_mean (hpa),surface_pressure_max (hpa),surface_pressure_min (hpa),wind_speed_10m_mean (km/h),vapour_pressure_deficit_max (kpa),soil_moisture_0_to_100cm_mean (m³/m³),soil_moisture_0_to_7cm_mean (m³/m³),soil_moisture_28_to_100cm_mean (m³/m³),soil_temperature_0_to_100cm_mean (°c),soil_temperature_0_to_7cm_mean (°c),soil_temperature_28_to_100cm_mean (°c),soil_temperature_7_to_28cm_mean (°c),soil_moisture_7_to_28cm_mean (m³/m³)
2015,1,27.28,23.34,84.0,72.6,59.8,1006.6600000000001,1008.4799999999999,1004.72,19.619999999999997,1.7099999999999997,0.1936,0.1802,0.196,30.2,30.4,30.1,30.559999999999995,0.19
2015,2,27.74,23.22,78.0,71.0,62.0,1008.68,1010.5200000000001,1006.72,15.780000000000001,1.638,0.29819999999999997,0.22519999999999998,0.31520000000000004,28.96,28.96,29.02,28.880000000000003,0.264
2015,3,,,,,,,,,,,,,,,,,,
2015,4,,,,,,,,,,,,,,,,,,
2015,5,24.6,19.15,82.0,64.5,47.5,1009.9,1012.25,1007.2,12.1,1.955,0.1775,0.1855,0.1815,28.15,27.85,28.299999999999997,27.950000000000003,0.1595
2015,6,28.442857142857143,24.62857142857143,85.28571428571429,76.57142857142857,64.57142857142857,1007.4857142857143,1009.3857142857142,1005.6285714285714,18.0,1.6142857142857143,0.2681428571428571,0.2144285714285714,0.2784285714285714,30.099999999999998,30.52857142857143,29.985714285714288,30.32857142857143,0.25057142857142856
2015,7,25.9,17.7,61.0,54.0,48.0,1012.5,1014.1,1010.2,16.3,2.1,0.212,0.127,0.233,28.9,28.0,29.1,28.6,0.166
2015,8,,,,,,,,,,,,,,,,,,
2015,9,24.5,19.4,81.5,64.5,48.5,1010.0,1012.9,1008.1,13.7,1.8050000000000002,0.1765,0.172,0.1815,28.05,27.6,28.200000000000003,27.8,0.16
2015,10,28.485714285714288,24.485714285714288,85.28571428571429,75.85714285714286,64.42857142857143,1007.5857142857143,1009.2285714285715,1005.7571428571429,16.599999999999998,1.5971428571428572,0.266,0.20914285714285713,0.277,30.12857142857143,30.599999999999998,29.985714285714288,30.414285714285715,0.24628571428571427
2015,11,25.7,18.7,58.0,52.0,47.0,1013.0,1015.3,1011.1,14.6,2.18,0.21,0.126,0.232,28.8,27.8,29.0,28.3,0.166
2015,12,,,,,,,,,,,,,,,,,,
2015,13,,,,,,,,,,,,,,,,,,
2015,14,27.53333333333333,23.266666666666666,85.0,73.16666666666667,59.833333333333336,1006.5666666666666,1008.6833333333334,1004.6,17.016666666666666,1.7249999999999999,0.21783333333333332,0.19383333333333333,0.22133333333333335,29.883333333333336,30.333333333333332,29.783333333333335,30.116666666666664,0.21366666666666667
2015,15,27.3,22.5,83.75,70.0,58.25,1010.725,1012.775,1008.625,9.725,1.7525,0.27425,0.17625000000000002,0.29825,29.15,29.05,29.175,29.175,0.2255
2015,16,,,,,,,,,,,,,,,,,,
2015,17,,,,,,,,,,,,,,,,,,
2015,18,27.65,22.6,88.25,69.75,54.25,1007.6,1009.65,1005.5,12.275,2.045,0.1685,0.138,0.17475000000000002,30.4,31.5,30.1,31.0,0.1575
2015,19,27.516666666666666,23.46666666666667,85.66666666666667,74.5,64.5,1008.1,1010.25,1006.35,15.033333333333333,1.5016666666666667,0.2856666666666667,0.21116666666666664,0.30183333333333334,29.116666666666664,28.866666666666664,29.166666666666668,28.983333333333334,0.25466666666666665
2015,20,,,,,,,,,,,,,,,,,,
2015,21,,,,,,,,,,,,,,,,,,
2015,22,23.95,17.1,87.5,63.0,51.5,1013.2,1015.8,1011.3,10.65,1.795,0.1805,0.14500000000000002,0.1905,26.1,26.2,26.15,26.05,0.16
2015,23,28.514285714285712,24.37142857142857,85.0,74.57142857142857,62.714285714285715,1005.2571428571429,1007.3857142857142,1003.3285714285714,17.571428571428573,1.6857142857142857,0.24828571428571428,0.19442857142857142,0.2584285714285714,30.3,30.857142857142858,30.099999999999998,30.714285714285715,0.23157142857142857
2015,24,26.7,20.25,79.0,60.5,40.5,1011.2,1013.4,1008.6500000000001,9.0,2.665,0.22699999999999998,0.1265,0.252,29.05,28.35,29.2,28.6,0.1755
2015,25,,,,,,,,,,,,,,,,,,
2015,26,,,,,,,,,,,,,,,,,,
2015,27,27.32857142857143,22.82857142857143,84.0,72.42857142857143,59.857142857142854,1006.4,1008.2714285714285,1004.5142857142857,16.928571428571427,1.7014285714285715,0.21014285714285716,0.1757142857142857,0.21614285714285714,29.428571428571427,30.042857142857144,29.285714285714285,29.8,0.20042857142857143
2015,28,27.5,22.25,81.5,67.25,51.5,1009.9,1012.0,1007.8,9.65,2.145,0.26625,0.1585,0.29125,29.175,28.95,29.2,29.05,0.2155
2015,29,,,,,,,,,,,,,,,,,,
2015,30,,,,,,,,,,,,,,,,,,
2015,31,26.275000000000002,19.875,79.0,62.75,48.5,1010.0,1012.6,1007.85,11.225,2.0925000000000002,0.1725,0.13,0.18075,28.775,29.775,28.5,29.4,0.158
2015,32,28.042857142857144,23.842857142857145,87.0,73.28571428571429,60.285714285714285,1007.0,1009.1142857142858,1004.9,14.514285714285714,1.7614285714285713,0.2612857142857143,0.18928571428571428,0.2775714285714286,29.728571428571428,29.82857142857143,29.685714285714287,29.728571428571428,0.23
2015,33,,,,,,,,,,,,,,,,,,
2015,34,,,,,,,,,,,,,,,,,,
2015,35,23.7,15.0,61.0,50.0,45.0,1013.4,1016.3,1011.2,15.6,1.88,0.181,0.125,0.193,26.1,26.1,26.2,25.8,0.158
2015,36,28.428571428571427,23.3,83.85714285714286,71.42857142857143,60.0,1006.4428571428572,1008.3000000000001,1004.3428571428573,17.285714285714285,1.8171428571428572,0.22214285714285717,0.18371428571428572,0.22999999999999998,30.0,30.82857142857143,29.8,30.542857142857144,0.2072857142857143
2015,37,27.099999999999998,22.46666666666667,83.33333333333333,70.33333333333333,55.333333333333336,1009.7666666666668,1012.1333333333333,1007.6999999999999,10.4,1.8633333333333333,0.25666666666666665,0.14633333333333334,0.2833333333333333,29.066666666666666,28.833333333333332,29.2,28.900000000000002,0.204
2015,38,,,,,,,,,,,,,,,,,,
2015,39,,,,,,,,,,,,,,,,,,
2015,40,27.7,22.55,82.5,69.33333333333333,57.166666666666664,1007.4333333333334,1009.65,1005.2333333333332,17.633333333333333,1.8516666666666666,0.18699999999999997,0.159,0.19316666666666668,29.78333333333333,30.683333333333334,29.53333333333333,30.333333333333332,0.17466666666666666
2015,41,27.74,23.6,84.4,74.4,63.6,1007.8,1010.18,1005.5600000000001,12.14,1.532,0.27480000000000004,0.1806,0.2968,29.1,29.22,29.1,29.1,0.23040000000000002
2015,42,,,,,,,,,,,,,,,,,,
2015,43,,,,,,,,,,,,,,,,,,
2015,44,25.433333333333334,20.099999999999998,86.33333333333333,68.66666666666667,57.666666666666664,1011.5,1013.6333333333333,1009.0666666666666,13.533333333333333,1.63,0.17466666666666666,0.127,0.18400000000000002,27.933333333333334,28.8,27.633333333333336,28.566666666666666,0.15833333333333333
2015,45,28.771428571428572,24.942857142857143,87.0,77.14285714285714,66.57142857142857,1006.157142857143,1007.9857142857144,1004.0142857142857,14.685714285714285,1.5214285714285716,0.25085714285714283,0.1947142857142857,0.2652857142857143,30.385714285714283,30.900000000000002,30.25714285714286,30.7,0.22057142857142858
2015,46,24.0,15.4,62.0,50.0,43.0,1011.0,1013.4,1009.4,14.5,1.95,0.204,0.125,0.223,28.0,26.4,28.4,27.2,0.163
2015,47,,,,,,,,,,,,,,,,,,
2015,48,23.8,14.8,61.0,52.0,41.0,1012.6,1015.3,1010.2,13.7,1.94,0.181,0.125,0.193,26.4,26.5,26.4,26.5,0.158
2015,49,27.971428571428568,24.37142857142857,89.14285714285714,77.28571428571429,66.57142857142857,1006.8285714285714,1008.9714285714286,1004.5571428571428,16.428571428571427,1.4371428571428573,0.22128571428571428,0.2047142857142857,0.228,30.085714285714285,30.514285714285712,29.942857142857143,30.428571428571427,0.2032857142857143
2015,50,26.53333333333333,19.633333333333336,75.0,64.33333333333333,52.333333333333336,1011.3666666666667,1013.5,1009.2666666666668,9.9,1.9066666666666665,0.25166666666666665,0.149,0.2773333333333333,29.03333333333333,28.566666666666666,29.166666666666668,28.866666666666664,0.19866666666666666
2015,51,,,,,,,,,,,,,,,,,,
2015,52,,,,,,,,,,,,,,,,,,
2016,1,27.014285714285712,22.285714285714285,85.71428571428571,70.57142857142857,56.857142857142854,1008.7857142857143,1011.0571428571428,1006.6285714285714,14.314285714285715,1.832857142857143,0.17557142857142857,0.15714285714285717,0.17714285714285713,29.571428571428573,30.3,29.400000000000002,29.985714285714288,0.17557142857142857
2016,2,26.28,21.880000000000003,82.2,74.4,65.8,1007.4,1009.36,1005.36,14.24,1.392,0.352,0.2978,0.3674,27.839999999999996,26.82,28.1,27.28,0.3174
2016,3,,,,,,,,,,,,,,,,,,
2016,4,,,,,,,,,,,,,,,,,,
2016,5,25.275,19.975,84.25,67.0,54.5,1013.05,1015.3,1010.975,11.25,1.7349999999999999,0.17625000000000002,0.125,0.18675,27.775,28.375,27.625,28.1,0.1575
2016,6,28.071428571428573,24.114285714285717,83.71428571428571,75.71428571428571,66.0,1004.6714285714286,1006.6999999999999,1002.7571428571429,16.985714285714288,1.502857142857143,0.2942857142857143,0.285,0.29442857142857143,29.714285714285715,29.599999999999998,29.771428571428572,29.599999999999998,0.29628571428571426
2016,7,25.9,17.7,66.0,55.0,46.0,1012.6,1014.8,1010.3,14.0,2.23,0.231,0.126,0.257,27.3,27.3,27.4,27.1,0.177
2016,8,,,,,,,,,,,,,,,,,,
2016,9,25.175,19.475,79.25,64.75,49.25,1013.1,1015.95,1010.95,10.649999999999999,1.9575,0.176,0.12725,0.186,27.85,28.35,27.675,28.2,0.1575
2016,10,27.87142857142857,23.957142857142856,83.71428571428571,77.0,67.28571428571429,1004.7571428571429,1006.8000000000001,1002.9142857142857,16.742857142857144,1.4600000000000002,0.3008571428571428,0.28928571428571426,0.3,29.7,29.557142857142857,29.74285714285714,29.585714285714285,0.30671428571428566
2016,11,26.0,17.6,64.0,55.0,45.0,1013.9,1016.3,1011.7,15.9,2.21,0.23,0.126,0.256,27.3,27.3,27.4,27.2,0.176
2016,12,,,,,,,,,,,,,,,,,,
2016,13,23.8,16.7,71.0,59.0,47.0,1015.5,1018.4,1013.1,10.7,1.94,0.19,0.125,0.205,26.5,26.2,26.7,26.2,0.16
2016,14,27.842857142857145,23.157142857142855,83.85714285714286,71.42857142857143,60.142857142857146,1006.2142857142857,1008.6428571428571,1004.1428571428571,16.54285714285714,1.7442857142857142,0.2227142857142857,0.20685714285714285,0.22285714285714286,29.87142857142857,30.58571428571429,29.714285714285715,30.228571428571428,0.2277142857142857
2016,15,26.35,21.2,79.0,71.0,62.75,1009.5,1011.625,1007.525,15.975,1.4775,0.3295,0.26075,0.34475,27.75,27.25,27.9,27.424999999999997,0.299
2016,16,,,,,,,,,,,,,,,,,,
2016,17,,,,,,,,,,,,,,,,,,
2016,18,26.95,21.233333333333334,80.5,64.16666666666667,49.0,1009.0333333333333,1011.85,1006.6666666666666,12.616666666666665,2.1583333333333337,0.16983333333333336,0.12583333333333332,0.17816666666666667,29.683333333333334,30.633333333333336,29.400000000000002,30.349999999999998,0.15583333333333335
2016,19,26.666666666666668,22.266666666666666,83.83333333333333,75.0,67.33333333333333,1006.2166666666667,1007.9333333333334,1004.25,18.716666666666665,1.2766666666666666,0.3433333333333333,0.30883333333333335,0.3501666666666667,28.116666666666664,27.433333333333334,28.3,27.7,0.333
2016,20,,,,,,,,,,,,,,,,,,
2016,21,,,,,,,,,,,,,,,,,,
2016,22,23.766666666666666,19.400000000000002,81.66666666666667,63.666666666666664,47.333333333333336,1011.7666666666668,1013.9666666666667,1009.3666666666667,10.633333333333333,1.8366666666666667,0.17900000000000002,0.126,0.19000000000000003,27.0,26.933333333333334,27.0,26.96666666666667,0.15833333333333333
2016,23,28.099999999999998,24.842857142857145,87.14285714285714,77.71428571428571,66.42857142857143,1005.2714285714285,1007.1714285714286,1003.5285714285714,17.657142857142855,1.4785714285714284,0.2884285714285714,0.2734285714285714,0.28914285714285715,30.12857142857143,30.414285714285715,30.02857142857143,30.285714285714285,0.2904285714285714
2016,24,25.7,17.6,71.5,55.0,41.0,1012.25,1014.25,1010.45,11.95,2.3899999999999997,0.255,0.1325,0.2835,27.5,27.05,27.549999999999997,27.25,0.198
2016,25,,,,,,,,,,,,,,,,,,
2016,26,24.0,17.3,71.0,62.0,50.0,1015.0,1017.0,1013.1,12.2,1.73,0.189,0.125,0.203,26.6,26.2,26.7,26.3,0.16
2016,27,27.414285714285715,23.17142857142857,86.71428571428571,71.28571428571429,58.285714285714285,1006.7142857142857,1008.8714285714286,1004.7285714285715,16.557142857142857,1.7714285714285711,0.221,0.1992857142857143,0.22285714285714286,29.914285714285715,30.285714285714285,29.8,30.228571428571428,0.22157142857142856
2016,28,26.05,20.825,82.5,69.75,60.5,1010.175,1012.475,1008.325,11.875,1.5675000000000001,0.32825,0.25775,0.34650000000000003,27.65,27.2,27.775,27.325,0.28875
2016,29,,,,,,,,,,,,,,,,,,
2016,30,,,,,,,,,,,,,,,,,,
2016,31,26.18,19.7,80.6,60.2,47.2,1010.9,1013.5200000000001,1008.78,13.440000000000001,2.138,0.1716,0.1252,0.1802,28.919999999999998,29.46,28.76,29.26,0.15660000000000002
2016,32,27.157142857142855,22.885714285714283,80.85714285714286,74.28571428571429,65.57142857142857,1006.9142857142857,1008.9,1005.2142857142857,17.157142857142855,1.4271428571428573,0.31157142857142855,0.2745714285714286,0.3192857142857143,28.842857142857145,28.52857142857143,28.928571428571427,28.671428571428574,0.2964285714285714
2016,33,,,,,,,,,,,,,,,,,,
2016,34,,,,,,,,,,,,,,,,,,
2016,35,22.65,16.3,79.0,60.0,44.5,1012.55,1015.25,1010.45,10.0,1.85,0.1825,0.125,0.195,26.25,25.45,26.450000000000003,25.95,0.1585
2016,36,28.099999999999998,24.157142857142855,85.14285714285714,75.0,65.0,1005.7571428571429,1007.6857142857143,1003.6428571428571,19.571428571428573,1.542857142857143,0.24971428571428572,0.23185714285714284,0.2524285714285714,30.214285714285715,30.571428571428573,30.099999999999998,30.428571428571427,0.24714285714285714
2016,37,25.8,20.066666666666666,77.0,65.33333333333333,51.666666666666664,1010.8333333333334,1013.1,1009.1,10.699999999999998,1.93,0.30433333333333334,0.21466666666666667,0.3253333333333333,27.53333333333333,27.099999999999998,27.633333333333336,27.333333333333332,0.26033333333333336
2016,38,,,,,,,,,,,,,,,,,,
2016,39,,,,,,,,,,,,,,,,,,
2016,40,27.157142857142855,22.014285714285712,83.28571428571429,68.71428571428571,56.0,1008.0142857142857,1010.2142857142857,1005.842857142857,15.642857142857142,1.8728571428571428,0.18785714285714286,0.15799999999999997,0.19214285714285714,29.728571428571428,30.157142857142855,29.599999999999998,29.914285714285715,0.1824285714285714
2016,41,26.119999999999997,21.740000000000002,85.2,73.4,63.2,1008.5799999999999,1010.86,1006.8399999999999,14.3,1.42,0.3404,0.2762,0.356,27.68,27.060000000000002,27.82,27.339999999999996,0.30720000000000003
2016,42,,,,,,,,,,,,,,,,,,
2016,43,,,,,,,,,,,,,,,,,,
2016,44,25.6,19.85,76.25,62.0,48.25,1011.35,1014.125,1009.3,11.775,2.1025,0.17375000000000002,0.125,0.183,28.15,28.775,28.0,28.424999999999997,0.15725
2016,45,27.885714285714283,24.17142857142857,85.14285714285714,77.0,67.28571428571429,1005.9714285714286,1007.9142857142857,1004.3000000000001,17.45714285714286,1.3842857142857141,0.29714285714285715,0.25857142857142856,0.30514285714285716,29.599999999999998,29.599999999999998,29.614285714285717,29.62857142857143,0.28271428571428575
2016,46,24.5,16.7,73.0,56.0,40.0,1010.9,1013.3,1008.9,13.5,2.25,0.221,0.126,0.245,26.8,25.8,27.1,25.9,0.171
2016,47,,,,,,,,,,,,,,,,,,
2016,48,22.3,17.45,82.0,64.0,48.0,1012.3,1014.55,1010.1500000000001,10.850000000000001,1.6749999999999998,0.1815,0.125,0.1935,26.15,25.3,26.4,25.7,0.1585
2016,49,28.271428571428572,24.657142857142855,86.57142857142857,76.28571428571429,66.42857142857143,1005.4428571428572,1007.4428571428572,1003.6,16.942857142857143,1.51,0.24885714285714286,0.23157142857142857,0.2512857142857143,30.3,30.8,30.12857142857143,30.642857142857142,0.24614285714285714
2016,50,25.46666666666667,19.366666666666664,80.66666666666667,63.666666666666664,51.333333333333336,1010.7666666666668,1012.9333333333334,1008.9,12.066666666666668,1.9166666666666667,0.29433333333333334,0.19766666666666666,0.31766666666666665,27.433333333333334,26.833333333333332,27.566666666666666,27.066666666666666,0.24566666666666667
2016,51,,,,,,,,,,,,,,,,,,
2016,52,,,,,,,,,,,,,,,,,,
2017,1,26.657142857142855,21.085714285714285,86.28571428571429,63.0,43.142857142857146,1007.4142857142857,1009.7142857142857,1005.2857142857143,13.828571428571427,2.75,0.21,0.1677142857142857,0.21700000000000003,29.257142857142856,29.485714285714284,29.157142857142855,29.45714285714286,0.20014285714285715
2017,2,27.22,23.34,80.8,66.4,51.2,1007.64,1009.8399999999999,1005.5600000000001,15.0,2.3600000000000003,0.3206,0.25420000000000004,0.3366,28.660000000000004,28.5,28.72,28.5,0.2878
2017,3,,,,,,,,,,,,,,,,,,
2017,4,,,,,,,,,,,,,,,,,,
2017,5,24.8,18.675,83.25,57.0,34.5,1010.925,1013.675,1008.65,11.3,2.8925,0.20074999999999998,0.1225,0.2195,27.125,27.35,27.05,27.375,0.16375
2017,6,28.314285714285713,24.928571428571427,90.28571428571429,75.42857142857143,61.285714285714285,1005.3571428571429,1007.5142857142857,1003.2571428571429,16.3,1.8471428571428572,0.2911428571428571,0.25285714285714284,0.2982857142857143,30.314285714285717,30.385714285714283,30.285714285714285,30.385714285714283,0.27985714285714286
2017,7,25.7,18.6,58.0,42.0,27.0,1010.5,1012.8,1008.8,12.2,3.47,0.211,0.128,0.233,27.3,26.7,27.5,26.8,0.163
2017,8,,,,,,,,,,,,,,,,,,
2017,9,24.8,19.325,85.5,61.5,35.0,1010.5,1012.95,1008.625,12.175,2.9025,0.2005,0.1225,0.219,27.175,27.55,27.075,27.525,0.1635
2017,10,28.52857142857143,24.74285714285714,87.85714285714286,74.85714285714286,59.857142857142854,1005.6142857142858,1007.7285714285715,1003.4857142857143,16.685714285714287,1.9714285714285715,0.2885714285714286,0.24885714285714286,0.2967142857142857,30.357142857142858,30.557142857142857,30.285714285714285,30.442857142857143,0.2751428571428572
2017,11,25.8,18.1,60.0,49.0,37.0,1010.1,1012.1,1008.0,12.5,2.93,0.213,0.131,0.234,27.3,26.7,27.5,26.8,0.165
2017,12,,,,,,,,,,,,,,,,,,
2017,13,21.5,15.4,76.0,56.0,31.0,1013.0,1015.4,1011.0,9.2,2.77,0.219,0.124,0.244,24.7,23.5,25.0,24.2,0.166
2017,14,27.62857142857143,23.599999999999998,91.57142857142857,72.85714285714286,52.285714285714285,1006.2571428571429,1008.4142857142857,1004.2714285714285,17.271428571428572,2.3728571428571428,0.23114285714285712,0.19157142857142856,0.23771428571428574,29.942857142857143,30.557142857142857,29.75714285714286,30.32857142857143,0.22128571428571428
2017,15,26.975,23.0,84.25,66.0,50.75,1008.525,1010.725,1006.375,11.975000000000001,2.32,0.29325,0.2065,0.31575,28.6,28.125,28.7,28.375,0.2445
2017,16,,,,,,,,,,,,,,,,,,
2017,17,,,,,,,,,,,,,,,,,,
2017,18,26.46666666666667,21.45,88.5,63.5,37.5,1008.7833333333333,1011.3833333333333,1006.8166666666666,13.816666666666668,3.0433333333333334,0.18966666666666665,0.12016666666666666,0.20533333333333334,29.2,29.8,29.0,29.650000000000002,0.15883333333333335
2017,19,26.5,22.433333333333334,83.83333333333333,74.0,64.0,1005.9333333333333,1008.2666666666668,1003.4166666666666,17.3,1.6500000000000001,0.3125,0.2876666666666667,0.3208333333333333,28.816666666666666,27.983333333333334,29.016666666666666,28.383333333333336,0.29183333333333333
2017,20,,,,,,,,,,,,,,,,,,
2017,21,,,,,,,,,,,,,,,,,,
2017,22,22.733333333333334,15.866666666666667,82.33333333333333,53.333333333333336,30.333333333333332,1010.6999999999999,1013.8333333333334,1008.6666666666666,11.033333333333333,2.736666666666667,0.20099999999999998,0.11933333333333333,0.221,25.8,25.233333333333334,26.0,25.5,0.15933333333333333
2017,23,28.82857142857143,25.071428571428573,90.0,74.71428571428571,57.0,1005.4571428571428,1007.3714285714286,1003.3285714285714,15.614285714285716,2.1928571428571426,0.27285714285714285,0.21828571428571428,0.2832857142857143,30.914285714285715,31.62857142857143,30.67142857142857,31.414285714285715,0.2547142857142857
2017,24,23.45,19.5,76.5,68.0,54.5,1010.05,1012.25,1007.6,12.35,2.075,0.244,0.241,0.247,26.950000000000003,24.75,27.65,25.35,0.23249999999999998
2017,25,,,,,,,,,,,,,,,,,,
2017,26,22.2,20.2,100.0,80.0,58.0,1009.6,1012.7,1007.8,8.8,1.38,0.213,0.115,0.238,24.8,24.7,24.9,24.5,0.16
2017,27,26.900000000000002,22.0,84.14285714285714,67.57142857142857,49.142857142857146,1007.2571428571429,1009.5428571428572,1005.2428571428571,15.171428571428573,2.2685714285714282,0.22685714285714287,0.18571428571428572,0.23514285714285713,29.942857142857143,30.17142857142857,29.857142857142858,30.22857142857143,0.2112857142857143
2017,28,26.599999999999998,22.975,87.5,74.75,58.0,1008.1,1010.325,1005.8,9.05,1.9575,0.29400000000000004,0.23,0.30925,28.325,28.075,28.45,28.025000000000002,0.26275000000000004
2017,29,,,,,,,,,,,,,,,,,,
2017,30,,,,,,,,,,,,,,,,,,
2017,31,25.6,19.76,85.8,54.4,33.2,1009.28,1011.82,1007.28,11.379999999999999,3.07,0.1916,0.1176,0.2082,28.32,28.880000000000003,28.160000000000004,28.68,0.15940000000000001
2017,32,27.657142857142855,24.900000000000002,89.28571428571429,78.0,64.28571428571429,1006.3571428571429,1008.5428571428572,1004.2714285714285,12.657142857142857,1.6199999999999999,0.28528571428571425,0.2527142857142857,0.29414285714285715,29.514285714285712,29.400000000000002,29.557142857142857,29.414285714285715,0.26471428571428574
2017,33,,,,,,,,,,,,,,,,,,
2017,34,,,,,,,,,,,,,,,,,,
2017,35,21.7,11.850000000000001,61.5,43.0,27.0,1012.05,1014.55,1010.0,14.3,2.645,0.203,0.121,0.2245,24.75,23.9,24.95,24.35,0.1565
2017,36,28.314285714285713,23.057142857142857,80.71428571428571,69.71428571428571,58.42857142857143,1005.2714285714285,1007.5428571428572,1003.1428571428571,15.5,2.0328571428571425,0.25157142857142856,0.23428571428571426,0.25871428571428573,30.52857142857143,30.82857142857143,30.442857142857143,30.771428571428572,0.23357142857142857
2017,37,27.166666666666668,22.666666666666668,88.66666666666667,71.33333333333333,56.333333333333336,1008.1,1010.3333333333334,1006.1666666666666,7.166666666666667,2.0166666666666666,0.25833333333333336,0.18766666666666668,0.2743333333333333,28.366666666666664,28.766666666666666,28.3,28.53333333333333,0.22833333333333336
2017,38,,,,,,,,,,,,,,,,,,
2017,39,,,,,,,,,,,,,,,,,,
2017,40,26.400000000000002,18.842857142857145,74.42857142857143,61.42857142857143,48.42857142857143,1007.3571428571429,1009.6428571428571,1005.1714285714286,14.528571428571428,2.4185714285714286,0.2064285714285714,0.18642857142857142,0.21257142857142858,29.17142857142857,29.085714285714285,29.185714285714287,29.228571428571428,0.1922857142857143
2017,41,27.119999999999997,24.3,89.0,78.0,66.0,1006.8799999999999,1008.8799999999999,1004.9,10.040000000000001,1.512,0.3008,0.2582,0.31520000000000004,28.78,28.839999999999996,28.78,28.919999999999998,0.26539999999999997
2017,42,,,,,,,,,,,,,,,,,,
2017,43,,,,,,,,,,,,,,,,,,
2017,44,24.1,14.05,68.25,43.5,25.0,1010.6,1013.0,1008.5,12.35,3.4924999999999997,0.19325,0.124,0.21050000000000002,27.1,26.924999999999997,27.075,27.25,0.158
2017,45,28.185714285714287,24.571428571428573,89.28571428571429,76.85714285714286,65.28571428571429,1005.4285714285714,1007.3714285714286,1003.2714285714285,14.842857142857143,1.6171428571428572,0.275,0.2737142857142857,0.28185714285714286,30.5,30.37142857142857,30.485714285714288,30.457142857142856,0.2507142857142857
2017,46,23.0,20.4,97.0,78.0,52.0,1012.7,1014.8,1011.1,8.3,1.61,0.245,0.247,0.237,25.8,24.7,26.1,25.4,0.272
2017,47,,,,,,,,,,,,,,,,,,
2017,48,21.25,14.0,77.5,48.0,27.0,1012.9,1015.6,1010.8,12.9,2.65,0.20350000000000001,0.127,0.22399999999999998,24.4,23.35,24.75,23.6,0.1575
2017,49,28.900000000000002,23.271428571428572,82.85714285714286,63.857142857142854,47.714285714285715,1005.842857142857,1008.0714285714286,1003.4571428571428,15.685714285714285,2.9214285714285713,0.25114285714285717,0.23314285714285715,0.2564285714285714,30.557142857142857,31.25714285714286,30.4,30.97142857142857,0.24
2017,50,24.833333333333332,20.433333333333334,84.0,66.66666666666667,50.0,1009.2666666666668,1011.6,1007.1999999999999,8.866666666666667,2.143333333333333,0.257,0.232,0.26766666666666666,28.0,26.766666666666666,28.3,27.3,0.229
2017,51,,,,,,,,,,,,,,,,,,
2017,52,,,,,,,,,,,,,,,,,,
2018,1,26.900000000000002,21.042857142857144,81.57142857142857,64.14285714285714,46.857142857142854,1007.1,1009.4571428571428,1004.9571428571428,14.557142857142859,2.5228571428571427,0.19185714285714286,0.15157142857142855,0.19785714285714287,29.342857142857145,29.757142857142856,29.2,29.657142857142855,0.18471428571428575
2018,2,27.360000000000003,21.86,79.2,65.8,50.4,1007.68,1009.86,1005.76,15.16,2.498,0.2866,0.21760000000000002,0.30419999999999997,29.080000000000002,28.78,29.22,28.82,0.2484
2018,3,,,,,,,,,,,,,,,,,,
2018,4,,,,,,,,,,,,,,,,,,
2018,5,25.675,17.375,78.5,50.25,30.0,1009.2,1011.85,1006.975,11.325,3.3499999999999996,0.19475,0.12675,0.20975,27.075,27.55,26.925,27.299999999999997,0.16525
2018,6,28.599999999999998,24.87142857142857,87.14285714285714,74.71428571428571,62.285714285714285,1005.7142857142857,1007.4714285714286,1003.6,18.071428571428573,1.8514285714285716,0.25585714285714284,0.22114285714285714,0.26285714285714284,30.685714285714287,31.157142857142855,30.599999999999998,30.87142857142857,0.24285714285714285
2018,7,24.0,19.0,76.0,58.0,37.0,1010.2,1012.4,1008.3,7.5,2.67,0.204,0.127,0.221,28.0,25.9,28.6,26.8,0.169
2018,8,,,,,,,,,,,,,,,,,,
2018,9,25.575,17.3,77.5,48.5,25.75,1009.45,1012.1,1007.45,10.875,3.715,0.1945,0.1265,0.20975,27.125,27.575,26.975,27.450000000000003,0.16575
2018,10,28.485714285714288,24.928571428571427,89.28571428571429,77.85714285714286,64.85714285714286,1005.6857142857143,1007.5,1003.5857142857143,18.271428571428572,1.6814285714285713,0.25742857142857145,0.23228571428571426,0.26142857142857145,30.685714285714287,31.0,30.614285714285717,30.857142857142858,0.2521428571428571
2018,11,24.5,19.5,74.0,60.0,39.0,1010.8,1012.9,1008.5,7.9,2.65,0.204,0.128,0.221,28.0,26.4,28.5,26.8,0.169
2018,12,,,,,,,,,,,,,,,,,,
2018,13,20.0,18.2,95.0,77.0,56.0,1011.8,1014.3,1010.0,7.9,1.45,0.212,0.136,0.227,23.9,22.2,24.3,23.0,0.184
2018,14,27.985714285714288,22.442857142857143,81.71428571428571,65.71428571428571,49.142857142857146,1005.5571428571428,1007.6857142857143,1003.4,18.114285714285714,2.587142857142857,0.22128571428571428,0.19614285714285715,0.22314285714285714,30.02857142857143,30.585714285714285,29.900000000000002,30.314285714285713,0.22157142857142856
2018,15,27.825,23.05,83.5,67.25,51.25,1009.225,1011.3,1007.1,10.5,2.3899999999999997,0.25725,0.18175,0.27575,29.325,29.75,29.25,29.375,0.2185
2018,16,,,,,,,,,,,,,,,,,,
2018,17,,,,,,,,,,,,,,,,,,
2018,18,27.066666666666666,20.2,77.83333333333333,58.166666666666664,39.5,1007.8666666666667,1010.0833333333334,1005.5166666666668,13.516666666666666,2.9466666666666668,0.18600000000000003,0.11983333333333333,0.1991666666666667,29.25,30.133333333333336,29.016666666666666,29.75,0.16183333333333333
2018,19,27.566666666666666,24.03333333333333,87.5,73.66666666666667,58.333333333333336,1007.1666666666666,1009.2166666666667,1005.3000000000001,15.733333333333334,2.026666666666667,0.2765,0.23916666666666667,0.2828333333333333,29.416666666666668,29.45,29.416666666666668,29.38333333333333,0.267
2018,20,,,,,,,,,,,,,,,,,,
2018,21,,,,,,,,,,,,,,,,,,
2018,22,23.96666666666667,15.166666666666666,73.66666666666667,50.666666666666664,37.0,1011.1,1013.4666666666667,1009.1,12.333333333333334,2.7133333333333334,0.20099999999999998,0.129,0.217,25.866666666666664,25.633333333333336,25.933333333333334,25.733333333333334,0.17
2018,23,29.042857142857144,24.985714285714288,87.85714285714286,71.71428571428571,55.714285714285715,1005.1142857142858,1007.1999999999999,1003.1,16.685714285714287,2.36,0.2512857142857143,0.20942857142857144,0.25742857142857145,30.885714285714283,31.885714285714283,30.642857142857142,31.542857142857144,0.244
2018,24,26.65,17.4,72.0,50.5,33.0,1010.8499999999999,1013.0,1008.5999999999999,10.5,3.415,0.2005,0.1195,0.2195,29.1,28.65,29.25,28.75,0.1625
2018,25,,,,,,,,,,,,,,,,,,
2018,26,19.5,11.4,74.0,53.0,37.0,1012.1,1014.6,1010.2,10.3,1.98,0.205,0.125,0.221,23.5,21.5,24.1,22.3,0.175
2018,27,28.157142857142855,23.414285714285715,87.28571428571429,67.85714285714286,52.0,1005.2142857142857,1007.6999999999999,1003.0714285714286,15.885714285714286,2.3428571428571425,0.22014285714285714,0.1812857142857143,0.22585714285714284,30.17142857142857,30.914285714285715,29.942857142857143,30.671428571428574,0.21328571428571427
2018,28,27.075,19.375,71.25,56.5,40.0,1009.0,1011.325,1007.1,11.775,3.0625,0.2505,0.1655,0.27025,29.375,29.225,29.35,29.375,0.21000000000000002
2018,29,,,,,,,,,,,,,,,,,,
2018,30,,,,,,,,,,,,,,,,,,
2018,31,25.380000000000003,20.080000000000002,86.8,64.0,41.6,1009.14,1011.5,1006.96,11.059999999999999,2.458,0.18919999999999998,0.1196,0.20339999999999997,28.32,28.7,28.22,28.660000000000004,0.1634
2018,32,27.5,22.642857142857142,84.57142857142857,68.85714285714286,54.857142857142854,1004.9857142857143,1007.157142857143,1003.2714285714285,15.557142857142859,2.152857142857143,0.25514285714285717,0.20685714285714285,0.26471428571428574,29.985714285714288,29.685714285714287,30.02857142857143,29.914285714285715,0.23714285714285716
2018,33,,,,,,,,,,,,,,,,,,
2018,34,,,,,,,,,,,,,,,,,,
2018,35,22.35,17.05,83.5,62.5,31.5,1012.3499999999999,1014.45,1010.45,9.45,2.74,0.20500000000000002,0.126,0.222,24.45,24.049999999999997,24.65,24.05,0.17099999999999999
2018,36,28.17142857142857,24.099999999999998,87.42857142857143,73.0,55.857142857142854,1004.6999999999999,1006.9571428571428,1002.342857142857,16.7,2.2528571428571427,0.24157142857142858,0.21371428571428572,0.24642857142857144,30.542857142857144,30.900000000000002,30.414285714285715,30.87142857142857,0.23357142857142857
2018,37,25.96666666666667,19.566666666666666,83.66666666666667,61.333333333333336,44.333333333333336,1009.5,1011.9,1007.4666666666667,9.299999999999999,2.51,0.21,0.11666666666666665,0.23233333333333336,29.400000000000002,28.433333333333334,29.566666666666666,28.933333333333334,0.164
2018,38,,,,,,,,,,,,,,,,,,
2018,39,,,,,,,,,,,,,,,,,,
2018,40,27.400000000000002,22.47142857142857,85.0,66.14285714285714,46.285714285714285,1006.7285714285715,1008.9428571428572,1004.6285714285714,15.614285714285714,2.61,0.19785714285714287,0.15771428571428572,0.20414285714285715,29.414285714285715,29.928571428571427,29.25714285714286,29.67142857142857,0.18885714285714286
2018,41,26.54,22.2,89.6,70.4,52.6,1008.9799999999999,1011.1200000000001,1007.1200000000001,12.440000000000001,2.104,0.2678,0.202,0.286,29.0,28.439999999999998,29.18,28.6,0.2286
2018,42,,,,,,,,,,,,,,,,,,
2018,43,,,,,,,,,,,,,,,,,,
2018,44,25.75,19.225,77.0,59.75,41.75,1010.6,1013.225,1008.375,12.2,2.5625,0.19325,0.11875000000000001,0.20925,27.4,28.175,27.2,27.799999999999997,0.16425
2018,45,28.17142857142857,24.67142857142857,88.57142857142857,75.71428571428571,62.42857142857143,1005.4285714285714,1007.6,1003.3857142857142,17.45714285714286,1.8057142857142858,0.25014285714285717,0.2167142857142857,0.257,30.642857142857142,30.62857142857143,30.657142857142855,30.714285714285715,0.238
2018,46,23.5,20.5,97.0,69.0,41.0,1012.2,1015.0,1010.3,6.4,2.31,0.195,0.113,0.213,26.9,25.4,27.4,25.7,0.158
2018,47,,,,,,,,,,,,,,,,,,
2018,48,24.049999999999997,17.4,76.0,56.0,34.0,1013.35,1015.45,1011.15,10.649999999999999,2.63,0.20400000000000001,0.123,0.222,25.0,25.5,24.9,25.299999999999997,0.16949999999999998
2018,49,28.271428571428572,24.057142857142857,88.57142857142857,73.14285714285714,58.714285714285715,1004.2714285714285,1006.5857142857143,1002.0857142857143,19.685714285714287,2.0300000000000002,0.24000000000000002,0.21114285714285716,0.24471428571428572,30.514285714285712,30.928571428571427,30.414285714285715,30.785714285714285,0.2334285714285714
2018,50,27.066666666666666,20.6,85.66666666666667,51.0,32.333333333333336,1010.4666666666666,1012.6333333333333,1008.2333333333332,9.933333333333334,3.4466666666666668,0.20733333333333334,0.11866666666666666,0.229,29.266666666666666,28.833333333333332,29.400000000000002,28.96666666666667,0.162
2018,51,,,,,,,,,,,,,,,,,,
2018,52,,,,,,,,,,,,,,,,,,
2019,1,25.714285714285715,19.3,76.42857142857143,60.57142857142857,44.0,1008.3571428571429,1010.9142857142857,1006.3714285714286,14.62857142857143,2.4042857142857144,0.18642857142857142,0.15785714285714286,0.189,28.685714285714287,28.599999999999998,28.7,28.614285714285717,0.18642857142857142
2019,2,27.160000000000004,24.619999999999997,91.8,82.2,71.4,1006.5200000000001,1008.28,1004.3799999999999,16.06,1.234,0.324,0.31579999999999997,0.3246,28.339999999999996,27.860000000000003,28.439999999999998,28.04,0.3256
2019,3,,,,,,,,,,,,,,,,,,
2019,4,,,,,,,,,,,,,,,,,,
2019,5,23.725,16.299999999999997,76.75,55.75,36.0,1011.825,1014.3,1009.475,13.375,2.6325,0.183,0.12175,0.19675,26.275,26.25,26.35,26.125,0.155
2019,6,27.728571428571428,25.214285714285715,92.14285714285714,82.71428571428571,71.85714285714286,1004.7857142857143,1006.657142857143,1002.8571428571429,16.5,1.2385714285714287,0.28300000000000003,0.31185714285714283,0.2734285714285714,29.900000000000002,29.728571428571428,29.97142857142857,29.75714285714286,0.3047142857142857
2019,7,27.0,22.2,83.0,65.0,45.0,1011.5,1013.9,1008.7,12.8,2.6,0.242,0.14,0.263,27.7,27.8,27.7,27.5,0.203
2019,8,,,,,,,,,,,,,,,,,,
2019,9,24.075,18.375,79.25,61.75,44.0,1012.0,1014.675,1010.075,12.15,2.2875,0.183,0.122,0.19675,26.425,26.8,26.35,26.45,0.155
2019,10,27.8,25.528571428571432,91.14285714285714,83.42857142857143,73.14285714285714,1005.0285714285714,1006.842857142857,1003.1428571428571,16.52857142857143,1.1642857142857144,0.28685714285714287,0.30242857142857144,0.2805714285714286,29.885714285714283,29.75714285714286,29.928571428571427,29.771428571428572,0.3037142857142857
2019,11,27.6,22.4,76.0,61.0,41.0,1011.6,1014.1,1008.6,11.7,2.87,0.247,0.147,0.268,27.7,28.1,27.7,27.7,0.208
2019,12,,,,,,,,,,,,,,,,,,
2019,13,20.8,12.8,78.0,51.0,32.0,1015.3,1018.6,1013.2,8.7,2.61,0.18,0.127,0.196,24.6,22.6,25.1,23.5,0.143
2019,14,27.185714285714287,23.514285714285712,91.57142857142857,74.85714285714286,56.0,1006.3142857142857,1008.342857142857,1004.3714285714286,17.728571428571428,2.0085714285714285,0.22014285714285714,0.19585714285714287,0.22114285714285714,29.3,29.857142857142858,29.185714285714287,29.47142857142857,0.22385714285714284
2019,15,27.475,24.025,89.5,77.75,65.5,1008.7,1010.95,1006.75,9.775,1.5425,0.33,0.3,0.339,28.325,28.5,28.3,28.35,0.30874999999999997
2019,16,,,,,,,,,,,,,,,,,,
2019,17,,,,,,,,,,,,,,,,,,
2019,18,25.916666666666668,21.116666666666667,87.83333333333333,66.33333333333333,44.666666666666664,1010.0833333333334,1012.6999999999999,1007.9666666666667,13.283333333333333,2.353333333333333,0.17616666666666667,0.11483333333333334,0.18866666666666665,28.71666666666667,29.483333333333334,28.5,29.150000000000002,0.15383333333333335
2019,19,27.349999999999998,24.78333333333333,90.66666666666667,82.16666666666667,72.5,1005.0,1007.0166666666668,1002.8833333333333,12.65,1.18,0.332,0.334,0.33,28.483333333333334,28.0,28.583333333333332,28.133333333333336,0.33749999999999997
2019,20,,,,,,,,,,,,,,,,,,
2019,21,,,,,,,,,,,,,,,,,,
2019,22,22.666666666666668,17.166666666666668,83.33333333333333,52.0,25.0,1012.2333333333332,1014.7333333333332,1010.2666666666668,12.466666666666667,2.7399999999999998,0.18099999999999997,0.11699999999999999,0.19566666666666666,25.5,25.366666666666664,25.5,25.5,0.15066666666666664
2019,23,28.185714285714287,25.614285714285717,92.71428571428571,81.28571428571429,67.71428571428571,1003.6285714285714,1005.7571428571429,1001.7571428571429,16.414285714285715,1.5271428571428571,0.28471428571428575,0.2795714285714286,0.2822857142857143,30.042857142857144,30.52857142857143,29.97142857142857,30.185714285714287,0.295
2019,24,26.549999999999997,21.05,80.5,65.5,52.0,1010.9000000000001,1013.55,1009.0,10.35,2.105,0.254,0.1805,0.2745,28.2,27.950000000000003,28.200000000000003,28.15,0.2095
2019,25,,,,,,,,,,,,,,,,,,
2019,26,21.1,7.7,61.0,37.0,15.0,1015.0,1017.2,1012.3,14.3,3.46,0.179,0.123,0.195,24.4,22.7,25.0,23.3,0.143
2019,27,26.87142857142857,22.942857142857143,89.85714285714286,72.85714285714286,56.142857142857146,1005.5571428571428,1007.6,1003.6142857142858,17.057142857142857,1.852857142857143,0.22371428571428573,0.19714285714285712,0.225,29.328571428571426,29.900000000000002,29.185714285714287,29.67142857142857,0.22814285714285715
2019,28,26.425,22.825,88.5,77.5,65.25,1007.5999999999999,1009.7,1005.4,12.75,1.4575,0.3255,0.28575,0.33775,28.25,27.575,28.375,28.05,0.296
2019,29,,,,,,,,,,,,,,,,,,
2019,30,,,,,,,,,,,,,,,,,,
2019,31,24.22,18.220000000000002,80.4,57.4,34.8,1011.4399999999999,1013.8,1009.5200000000001,12.02,2.676,0.1786,0.11579999999999999,0.1916,27.74,27.82,27.7,27.880000000000003,0.15460000000000002
2019,32,27.142857142857142,24.82857142857143,90.42857142857143,82.28571428571429,71.14285714285714,1004.5142857142857,1006.657142857143,1002.5571428571428,16.571428571428573,1.2514285714285713,0.3097142857142857,0.30942857142857144,0.3097142857142857,29.042857142857144,28.485714285714288,29.185714285714287,28.742857142857144,0.3092857142857143
2019,33,,,,,,,,,,,,,,,,,,
2019,34,,,,,,,,,,,,,,,,,,
2019,35,20.35,8.75,59.0,39.5,20.5,1014.95,1018.0,1012.55,14.55,2.9450000000000003,0.187,0.1245,0.203,24.3,22.3,24.9,22.95,0.1535
2019,36,27.900000000000002,24.0,88.85714285714286,75.0,59.714285714285715,1003.7571428571429,1005.6285714285714,1001.9285714285714,19.885714285714283,1.9542857142857142,0.26057142857142856,0.24085714285714285,0.2604285714285714,29.82857142857143,30.271428571428572,29.728571428571428,30.085714285714285,0.2672857142857143
2019,37,26.46666666666667,23.3,89.0,75.66666666666667,59.666666666666664,1010.3666666666667,1012.4666666666667,1008.3000000000001,8.0,1.76,0.29733333333333334,0.25833333333333336,0.312,27.96666666666667,27.566666666666666,28.166666666666668,27.46666666666667,0.262
2019,38,,,,,,,,,,,,,,,,,,
2019,39,,,,,,,,,,,,,,,,,,
2019,40,26.428571428571427,20.071428571428573,76.42857142857143,60.142857142857146,39.42857142857143,1008.0,1010.1857142857143,1005.8714285714286,14.9,2.8414285714285716,0.19185714285714286,0.15085714285714286,0.19742857142857143,28.871428571428574,29.485714285714288,28.714285714285715,29.08571428571429,0.18571428571428572
2019,41,26.5,24.14,91.0,81.4,69.6,1005.9399999999999,1008.36,1003.76,14.940000000000001,1.316,0.3478,0.31120000000000003,0.358,27.98,27.339999999999996,28.18,27.46,0.3256
2019,42,,,,,,,,,,,,,,,,,,
2019,43,,,,,,,,,,,,,,,,,,
2019,44,24.525,17.299999999999997,82.0,52.25,26.5,1011.8,1014.65,1009.6,11.075,3.525,0.182,0.118,0.19574999999999998,26.8,27.3,26.675,27.0,0.15575
2019,45,27.785714285714285,25.228571428571428,92.0,82.0,68.71428571428571,1004.8142857142857,1006.9285714285714,1002.8000000000001,15.514285714285714,1.4000000000000001,0.29728571428571426,0.27485714285714286,0.3007142857142857,29.714285714285715,29.928571428571427,29.685714285714287,29.814285714285713,0.294
2019,46,22.7,17.9,90.0,68.0,51.0,1009.9,1013.1,1007.6,9.4,1.83,0.24,0.128,0.263,26.8,24.8,27.3,26.0,0.197
2019,47,,,,,,,,,,,,,,,,,,
2019,48,22.299999999999997,12.6,75.5,49.5,32.5,1013.75,1015.7,1011.75,9.0,2.705,0.188,0.121,0.20400000000000001,24.5,23.95,24.75,23.799999999999997,0.1545
2019,49,28.314285714285713,24.357142857142858,87.0,71.85714285714286,58.714285714285715,1005.4142857142857,1007.6142857142858,1003.5285714285714,17.45714285714286,1.9757142857142858,0.25657142857142856,0.228,0.25957142857142856,30.014285714285712,30.828571428571426,29.771428571428572,30.52857142857143,0.2555714285714286
2019,50,25.666666666666668,23.433333333333334,93.66666666666667,76.0,50.666666666666664,1009.8333333333334,1011.7333333333332,1007.6666666666666,7.2,2.14,0.28099999999999997,0.19933333333333333,0.3,27.866666666666664,27.266666666666666,28.066666666666666,27.433333333333334,0.24166666666666667
2019,51,,,,,,,,,,,,,,,,,,
2019,52,,,,,,,,,,,,,,,,,,
2020,1,26.74285714285714,21.642857142857142,84.57142857142857,65.85714285714286,47.42857142857143,1008.7142857142857,1011.1,1006.7857142857143,13.185714285714285,2.4442857142857144,0.17271428571428574,0.1417142857142857,0.1782857142857143,29.32857142857143,30.071428571428573,29.142857142857142,29.728571428571428,0.16342857142857142
2020,2,27.74,23.240000000000002,83.6,71.0,60.0,1007.9799999999999,1009.96,1006.0,11.02,1.908,0.28959999999999997,0.2536,0.2952,28.98,29.3,28.9,29.04,0.28159999999999996
2020,3,,,,,,,,,,,,,,,,,,
2020,4,,,,,,,,,,,,,,,,,,
2020,5,24.525,18.275,83.75,61.75,42.5,1011.75,1013.9,1009.325,11.4,2.605,0.19175,0.12100000000000001,0.20775,26.75,27.275,26.7,26.9,0.16025
2020,6,29.085714285714285,25.085714285714285,87.57142857142857,72.42857142857143,55.714285714285715,1005.4,1007.6,1003.4857142857143,11.185714285714285,2.27,0.24028571428571427,0.23228571428571426,0.23885714285714285,30.75714285714286,31.5,30.557142857142857,31.24285714285714,0.24771428571428572
2020,7,26.0,18.3,75.0,53.0,33.0,1011.8,1014.9,1009.6,10.6,3.25,0.188,0.112,0.205,28.5,28.4,28.5,28.8,0.154
2020,8,,,,,,,,,,,,,,,,,,
2020,9,24.15,18.425,83.25,60.5,41.5,1011.575,1014.175,1009.575,12.5,2.5324999999999998,0.1915,0.1225,0.20675,26.775,27.075,26.700000000000003,26.975,0.16025
2020,10,28.685714285714287,24.685714285714287,87.14285714285714,74.0,58.0,1004.2285714285715,1006.5,1002.0428571428572,12.257142857142856,2.0814285714285714,0.2377142857142857,0.23057142857142857,0.23700000000000002,30.714285714285715,30.82857142857143,30.599999999999998,30.985714285714288,0.2434285714285714
2020,11,24.8,17.1,69.0,53.0,33.0,1011.2,1013.9,1009.4,8.9,3.1,0.187,0.113,0.204,28.3,27.3,28.5,28.1,0.154
2020,12,,,,,,,,,,,,,,,,,,
2020,13,20.0,16.9,81.0,63.0,49.0,1013.6,1016.3,1011.4,14.5,1.6,0.227,0.153,0.247,24.2,21.7,25.0,22.6,0.182
2020,14,27.657142857142855,22.942857142857143,88.85714285714286,66.71428571428571,47.42857142857143,1004.6428571428571,1007.1,1002.4714285714286,11.542857142857143,2.5542857142857143,0.19128571428571428,0.19614285714285715,0.19,29.985714285714288,30.47142857142857,29.82857142857143,30.314285714285713,0.194
2020,15,27.275,21.75,81.0,65.5,48.5,1008.875,1011.075,1007.0,8.675,2.4924999999999997,0.261,0.1935,0.27425,29.0,29.175,28.95,29.15,0.2375
2020,16,,,,,,,,,,,,,,,,,,
2020,17,,,,,,,,,,,,,,,,,,
2020,18,26.083333333333332,19.683333333333334,84.5,60.666666666666664,40.333333333333336,1009.1333333333333,1011.7166666666667,1006.9333333333334,14.183333333333332,2.8649999999999998,0.1795,0.13949999999999999,0.18999999999999997,28.866666666666664,29.016666666666666,28.816666666666666,29.0,0.1555
2020,19,27.083333333333332,22.849999999999998,88.33333333333333,74.83333333333333,61.166666666666664,1004.1999999999999,1006.2666666666668,1002.3833333333333,11.216666666666667,1.7983333333333331,0.26216666666666666,0.26533333333333337,0.25533333333333336,29.3,28.616666666666664,29.45,29.066666666666666,0.2843333333333333
2020,20,,,,,,,,,,,,,,,,,,
2020,21,,,,,,,,,,,,,,,,,,
2020,22,22.900000000000002,16.099999999999998,77.33333333333333,55.333333333333336,38.0,1011.6999999999999,1013.7666666666668,1009.5666666666666,13.533333333333333,2.21,0.19866666666666666,0.124,0.21633333333333335,25.433333333333334,25.0,25.599999999999998,25.03333333333333,0.16333333333333333
2020,23,28.771428571428572,25.885714285714283,92.42857142857143,80.14285714285714,65.14285714285714,1002.5857142857143,1004.5285714285714,1000.4857142857143,14.271428571428572,1.7514285714285713,0.2432857142857143,0.26085714285714284,0.2347142857142857,30.671428571428574,30.87142857142857,30.614285714285717,30.82857142857143,0.267
2020,24,25.35,17.799999999999997,72.0,49.0,27.5,1013.2,1015.15,1011.2,9.5,3.6050000000000004,0.196,0.11549999999999999,0.21400000000000002,28.6,27.4,28.950000000000003,27.799999999999997,0.161
2020,25,,,,,,,,,,,,,,,,,,
2020,26,23.7,19.6,89.0,70.0,51.0,1011.7,1014.1,1010.1,9.8,1.81,0.222,0.135,0.244,24.7,25.1,24.8,24.4,0.177
2020,27,26.914285714285715,22.014285714285712,83.28571428571429,68.28571428571429,51.714285714285715,1005.8714285714286,1008.342857142857,1003.5,17.414285714285715,2.105714285714286,0.21385714285714283,0.23042857142857143,0.20785714285714288,29.585714285714285,29.271428571428572,29.657142857142855,29.385714285714283,0.22785714285714284
2020,28,27.15,22.275,82.5,65.25,44.5,1010.275,1012.65,1008.35,9.075,2.7175000000000002,0.2495,0.17250000000000001,0.265,29.025,28.85,29.075,28.975,0.2225
2020,29,,,,,,,,,,,,,,,,,,
2020,30,,,,,,,,,,,,,,,,,,
2020,31,25.46,19.759999999999998,82.4,58.4,37.4,1011.04,1013.26,1008.74,14.440000000000001,2.684,0.18180000000000002,0.11960000000000001,0.19519999999999998,28.2,28.76,28.02,28.6,0.15699999999999997
2020,32,27.47142857142857,23.557142857142857,85.0,71.85714285714286,58.142857142857146,1006.7714285714285,1008.9,1004.9142857142857,14.757142857142856,2.0228571428571427,0.25857142857142856,0.2632857142857143,0.25657142857142856,29.5,28.685714285714287,29.714285714285715,28.97142857142857,0.26357142857142857
2020,33,,,,,,,,,,,,,,,,,,
2020,34,,,,,,,,,,,,,,,,,,
2020,35,21.9,10.100000000000001,59.5,43.0,27.0,1014.45,1017.45,1012.3,14.55,2.825,0.20600000000000002,0.1225,0.22599999999999998,24.65,23.9,24.9,24.200000000000003,0.16449999999999998
2020,36,28.17142857142857,24.957142857142856,94.28571428571429,77.28571428571429,60.142857142857146,1005.1999999999999,1007.2714285714285,1003.4714285714286,14.671428571428573,1.8499999999999999,0.2345714285714286,0.24428571428571427,0.23085714285714287,30.214285714285715,30.599999999999998,30.142857142857142,30.271428571428572,0.24471428571428572
2020,37,27.0,19.599999999999998,68.0,52.0,33.666666666666664,1010.2333333333332,1013.1999999999999,1008.2333333333332,9.366666666666667,3.3699999999999997,0.216,0.13133333333333333,0.23333333333333336,28.833333333333332,28.5,29.03333333333333,28.566666666666666,0.18433333333333335
2020,38,,,,,,,,,,,,,,,,,,
2020,39,,,,,,,,,,,,,,,,,,
2020,40,27.0,21.157142857142855,83.28571428571429,65.14285714285714,49.42857142857143,1008.157142857143,1010.4,1006.1142857142858,15.642857142857142,2.358571428571429,0.18914285714285714,0.18157142857142855,0.18957142857142856,28.97142857142857,29.599999999999998,28.857142857142858,29.114285714285717,0.19014285714285714
2020,41,27.28,22.740000000000002,85.4,68.6,52.6,1006.4799999999999,1008.6,1004.4399999999999,10.4,2.274,0.2718,0.21339999999999998,0.28500000000000003,29.04,28.76,29.139999999999997,28.9,0.24699999999999997
2020,42,,,,,,,,,,,,,,,,,,
2020,43,,,,,,,,,,,,,,,,,,
2020,44,26.475,18.575,75.5,53.0,37.5,1011.825,1014.125,1009.45,12.95,3.1100000000000003,0.187,0.11775000000000001,0.201,27.2,28.85,26.875,27.775,0.15925
2020,45,28.114285714285717,24.185714285714287,89.0,75.42857142857143,60.857142857142854,1004.5142857142857,1006.5,1002.7285714285715,13.685714285714285,1.8957142857142857,0.2512857142857143,0.26542857142857146,0.24885714285714286,30.24285714285714,29.942857142857143,30.3,30.157142857142855,0.2552857142857143
2020,46,22.2,21.1,98.0,90.0,78.0,1012.5,1015.1,1010.8,5.6,0.67,0.195,0.213,0.203,27.4,23.8,28.0,26.3,0.162
2020,47,,,,,,,,,,,,,,,,,,
2020,48,26.0,19.15,80.0,57.5,37.0,1013.3,1015.9000000000001,1011.45,11.35,3.005,0.20350000000000001,0.1195,0.22299999999999998,25.5,27.35,25.1,26.2,0.162
2020,49,28.2,24.5,90.57142857142857,73.28571428571429,58.42857142857143,1005.1142857142858,1007.2571428571429,1003.1,14.971428571428572,2.1128571428571425,0.238,0.26171428571428573,0.2322857142857143,30.214285714285715,30.642857142857142,30.114285714285717,30.485714285714288,0.25
2020,50,25.733333333333334,20.933333333333334,78.0,62.333333333333336,45.333333333333336,1009.1999999999999,1011.8000000000001,1007.1666666666666,9.433333333333332,2.5333333333333337,0.219,0.19733333333333336,0.2313333333333333,28.46666666666667,27.066666666666666,28.833333333333332,27.53333333333333,0.18433333333333335
2020,51,,,,,,,,,,,,,,,,,,
2020,52,,,,,,,,,,,,,,,,,,
2021,1,27.414285714285715,21.75714285714286,82.85714285714286,63.42857142857143,45.0,1007.9857142857143,1010.0142857142857,1006.0,14.142857142857142,2.6700000000000004,0.19214285714285714,0.14385714285714285,0.199,28.82857142857143,29.914285714285715,28.557142857142853,29.342857142857145,0.184
2021,2,25.34,22.66,88.2,79.4,67.8,1007.0600000000001,1009.28,1004.74,16.4,1.316,0.2948,0.3254,0.2878,27.98,26.5,28.32,27.24,0.3102
2021,3,,,,,,,,,,,,,,,,,,
2021,4,,,,,,,,,,,,,,,,,,
2021,5,24.9,17.7,76.75,56.75,37.75,1010.975,1013.825,1009.3,11.35,2.7474999999999996,0.19175,0.12525,0.20500000000000002,26.75,27.425,26.625,27.2,0.16875
2021,6,28.3,24.47142857142857,86.14285714285714,75.85714285714286,62.714285714285715,1005.5571428571428,1007.3571428571429,1003.4428571428572,16.657142857142855,1.8214285714285714,0.2561428571428571,0.24742857142857141,0.2521428571428571,29.785714285714285,30.228571428571428,29.714285714285715,30.028571428571432,0.2725714285714286
2021,7,19.6,17.8,90.0,85.0,76.0,1011.6,1014.4,1009.6,17.6,0.62,0.264,0.369,0.248,25.7,20.6,27.2,22.3,0.283
2021,8,,,,,,,,,,,,,,,,,,
2021,9,24.75,16.025,71.75,53.0,38.25,1010.475,1012.8,1008.6,11.9,2.6174999999999997,0.19175,0.12575,0.20525,26.775,27.175,26.675,27.1,0.16825
2021,10,28.442857142857143,24.842857142857145,88.42857142857143,74.0,60.142857142857146,1005.9,1007.8571428571429,1003.8857142857142,15.585714285714285,2.0214285714285714,0.253,0.24514285714285716,0.2501428571428571,29.87142857142857,30.414285714285715,29.728571428571428,30.17142857142857,0.265
2021,11,22.6,20.3,89.0,78.0,64.0,1011.7,1014.0,1009.6,12.0,1.31,0.261,0.328,0.245,25.7,23.0,26.7,23.2,0.292
2021,12,,,,,,,,,,,,,,,,,,
2021,13,21.2,16.1,83.0,58.0,46.0,1010.6,1012.6,1008.5,11.1,1.66,0.218,0.15,0.23,24.2,22.6,24.7,23.1,0.197
2021,14,28.042857142857144,21.87142857142857,80.14285714285714,64.57142857142857,48.714285714285715,1007.7571428571429,1010.0714285714286,1005.842857142857,14.971428571428572,2.5785714285714287,0.19242857142857142,0.16128571428571428,0.196,29.657142857142855,30.785714285714285,29.37142857142857,30.314285714285713,0.19114285714285714
2021,15,26.275,23.8,87.5,75.75,62.5,1007.8,1009.875,1005.525,10.4,1.7125,0.30125,0.2955,0.29925,27.75,27.475,27.85,27.4,0.3095
2021,16,,,,,,,,,,,,,,,,,,
2021,17,,,,,,,,,,,,,,,,,,
2021,18,26.849999999999998,19.8,78.0,57.666666666666664,38.166666666666664,1009.4333333333334,1012.0,1007.3666666666667,12.566666666666668,3.1300000000000003,0.18533333333333335,0.126,0.19699999999999998,28.78333333333333,29.53333333333333,28.55,29.266666666666666,0.16516666666666666
2021,19,27.233333333333334,24.366666666666664,89.16666666666667,77.0,66.83333333333333,1006.5166666666668,1008.5333333333333,1004.5500000000001,13.083333333333334,1.4916666666666665,0.2718333333333333,0.26999999999999996,0.26716666666666666,28.53333333333333,28.78333333333333,28.483333333333334,28.583333333333332,0.28833333333333333
2021,20,,,,,,,,,,,,,,,,,,
2021,21,,,,,,,,,,,,,,,,,,
2021,22,23.7,14.566666666666668,69.66666666666667,49.333333333333336,34.666666666666664,1012.2666666666668,1015.2333333333332,1010.1,13.4,2.6999999999999997,0.20066666666666666,0.12966666666666668,0.21566666666666667,25.666666666666668,25.599999999999998,25.733333333333334,25.599999999999998,0.17200000000000001
2021,23,29.17142857142857,25.400000000000002,90.14285714285714,74.0,58.0,1005.0285714285714,1007.1142857142858,1003.0714285714286,12.542857142857143,2.184285714285714,0.2312857142857143,0.224,0.22914285714285715,30.542857142857144,31.87142857142857,30.2,31.314285714285713,0.24071428571428571
2021,24,25.4,21.15,76.5,63.5,48.5,1010.6,1013.2,1008.4,10.95,2.38,0.252,0.1985,0.262,26.95,26.4,27.1,26.5,0.23650000000000002
2021,25,,,,,,,,,,,,,,,,,,
2021,26,23.0,19.9,91.0,70.0,56.0,1008.9,1012.3,1006.5,13.9,1.54,0.222,0.157,0.235,24.3,23.9,24.6,23.5,0.198
2021,27,28.2,22.042857142857144,81.14285714285714,63.42857142857143,42.142857142857146,1007.657142857143,1009.9714285714286,1005.6999999999999,13.942857142857141,3.001428571428572,0.18771428571428572,0.1504285714285714,0.19328571428571428,29.97142857142857,31.3,29.6,30.8,0.18057142857142858
2021,28,26.75,22.925,85.25,74.0,59.0,1007.0,1009.225,1004.925,8.775,1.8775,0.29425,0.28,0.294,27.9,27.5,27.975,27.775,0.29975
2021,29,,,,,,,,,,,,,,,,,,
2021,30,,,,,,,,,,,,,,,,,,
2021,31,26.68,20.94,83.6,58.8,33.2,1009.18,1011.78,1007.1,11.24,3.402,0.1814,0.125,0.19319999999999998,28.5,29.880000000000003,28.160000000000004,29.339999999999996,0.1598
2021,32,27.442857142857143,24.17142857142857,85.42857142857143,75.85714285714286,62.857142857142854,1005.9142857142857,1007.7428571428571,1003.9,14.6,1.667142857142857,0.25971428571428573,0.24857142857142858,0.25885714285714284,29.085714285714285,29.057142857142857,29.085714285714285,29.114285714285717,0.26585714285714285
2021,33,,,,,,,,,,,,,,,,,,
2021,34,,,,,,,,,,,,,,,,,,
2021,35,22.75,16.75,81.5,62.5,43.5,1011.2,1013.7,1009.0999999999999,11.5,2.335,0.21050000000000002,0.1385,0.22599999999999998,24.799999999999997,24.45,24.9,24.6,0.182
2021,36,28.75714285714286,24.37142857142857,87.42857142857143,71.85714285714286,56.57142857142857,1005.1857142857143,1007.0857142857143,1003.2142857142857,16.071428571428573,2.18,0.20514285714285713,0.19985714285714287,0.20457142857142857,30.557142857142857,31.442857142857143,30.271428571428572,31.285714285714285,0.21
2021,37,25.566666666666666,20.633333333333333,80.0,67.66666666666667,54.0,1011.1999999999999,1013.1333333333333,1009.3000000000001,9.933333333333332,2.0833333333333335,0.29033333333333333,0.241,0.302,27.53333333333333,26.833333333333332,27.7,27.166666666666668,0.2663333333333333
2021,38,,,,,,,,,,,,,,,,,,
2021,39,,,,,,,,,,,,,,,,,,
2021,40,27.414285714285715,22.37142857142857,87.14285714285714,67.85714285714286,49.714285714285715,1006.7428571428571,1008.9285714285714,1004.7428571428571,13.814285714285715,2.382857142857143,0.18385714285714286,0.14957142857142855,0.19257142857142856,29.400000000000002,30.3,29.17142857142857,29.985714285714288,0.16428571428571428
2021,41,26.24,22.619999999999997,85.8,75.0,61.0,1008.28,1010.6199999999999,1006.0600000000001,13.419999999999998,1.738,0.2878,0.271,0.2872,28.080000000000002,27.5,28.2,27.8,0.29460000000000003
2021,42,,,,,,,,,,,,,,,,,,
2021,43,,,,,,,,,,,,,,,,,,
2021,44,26.4,20.4,86.75,59.75,37.5,1010.4,1012.6,1008.4,11.025,2.98,0.1905,0.12725,0.203,27.5,28.825,27.175,28.175,0.16775
2021,45,27.67142857142857,23.842857142857145,87.42857142857143,76.71428571428571,65.57142857142857,1004.0285714285714,1006.3000000000001,1001.7714285714285,14.299999999999999,1.554285714285714,0.24785714285714283,0.25957142857142856,0.24842857142857142,30.02857142857143,29.771428571428572,30.085714285714285,30.0,0.24214285714285716
2021,46,24.0,20.9,85.0,69.0,41.0,1014.3,1016.5,1011.9,9.4,2.57,0.235,0.197,0.234,25.7,24.9,26.0,25.1,0.249
2021,47,,,,,,,,,,,,,,,,,,
2021,48,24.0,19.5,91.5,66.0,49.5,1011.55,1013.75,1009.5,11.05,2.13,0.21450000000000002,0.138,0.22949999999999998,25.25,25.65,25.15,25.4,0.187
2021,49,28.47142857142857,24.771428571428572,90.14285714285714,73.42857142857143,57.714285714285715,1004.3285714285714,1006.5571428571428,1002.1428571428571,15.271428571428572,2.138571428571429,0.21085714285714285,0.23842857142857143,0.2067142857142857,30.442857142857143,30.928571428571427,30.3,30.785714285714285,0.21514285714285714
2021,50,25.266666666666666,19.833333333333332,81.33333333333333,66.0,47.333333333333336,1009.6666666666666,1012.0333333333333,1007.6333333333333,8.966666666666667,2.3733333333333335,0.2836666666666667,0.22433333333333336,0.2966666666666667,27.400000000000002,26.633333333333336,27.633333333333336,27.0,0.25733333333333336
2021,51,,,,,,,,,,,,,,,,,,
2021,52,,,,,,,,,,,,,,,,,,
2022,1,26.285714285714285,22.214285714285715,88.42857142857143,72.14285714285714,53.57142857142857,1007.8571428571429,1010.2857142857143,1005.7714285714285,13.799999999999999,2.0814285714285714,0.19242857142857142,0.16757142857142857,0.193,28.685714285714283,29.142857142857142,28.557142857142857,28.928571428571427,0.1977142857142857
2022,2,26.82,22.56,85.2,71.2,53.4,1007.96,1010.22,1005.82,10.3,2.2,0.2998,0.24159999999999998,0.31639999999999996,28.52,28.660000000000004,28.5,28.68,0.2616
2022,3,,,,,,,,,,,,,,,,,,
2022,4,,,,,,,,,,,,,,,,,,
2022,5,24.775,19.35,84.0,64.5,41.5,1011.225,1013.95,1009.175,10.65,2.54,0.1985,0.127,0.21425,26.3,27.15,26.125,26.65,0.16875
2022,6,28.014285714285712,24.942857142857143,89.14285714285714,78.28571428571429,65.14285714285714,1005.0857142857143,1007.2571428571429,1003.1714285714286,13.157142857142857,1.6485714285714284,0.26871428571428574,0.2454285714285714,0.2717142857142857,30.157142857142855,30.47142857142857,30.085714285714285,30.285714285714285,0.26757142857142857
2022,7,24.4,18.1,71.0,52.0,31.0,1010.3,1012.4,1007.7,9.1,3.2,0.19,0.119,0.208,27.3,26.7,27.4,27.1,0.154
2022,8,,,,,,,,,,,,,,,,,,
2022,9,24.900000000000002,19.3,81.5,64.75,47.75,1010.775,1013.325,1008.575,11.175,2.275,0.19825,0.12625,0.214,26.45,27.325,26.2,26.9,0.16799999999999998
2022,10,28.157142857142855,24.514285714285712,88.0,76.57142857142857,63.0,1005.1857142857143,1007.1285714285714,1003.2857142857143,13.228571428571428,1.752857142857143,0.27085714285714285,0.24742857142857141,0.275,30.185714285714287,30.67142857142857,30.099999999999998,30.442857142857143,0.2651428571428571
2022,11,24.5,18.1,76.0,53.0,31.0,1010.8,1012.7,1008.3,11.2,3.22,0.19,0.117,0.207,27.2,26.4,27.4,26.6,0.154
2022,12,,,,,,,,,,,,,,,,,,
2022,13,23.2,20.0,92.0,75.0,53.0,1013.2,1016.2,1010.9,7.8,1.9,0.229,0.148,0.247,24.8,24.8,24.8,24.6,0.195
2022,14,27.085714285714285,22.900000000000002,86.71428571428571,71.42857142857143,53.142857142857146,1005.8857142857142,1008.157142857143,1003.8857142857142,13.457142857142857,2.1,0.22428571428571428,0.19342857142857145,0.2285714285714286,29.442857142857143,30.157142857142855,29.2,29.914285714285715,0.21857142857142858
2022,15,27.3,22.3,77.5,66.25,50.25,1009.225,1011.5500000000001,1007.125,11.475,2.3875,0.268,0.19575,0.285,28.55,28.975,28.5,28.725,0.2355
2022,16,,,,,,,,,,,,,,,,,,
2022,17,,,,,,,,,,,,,,,,,,
2022,18,26.566666666666666,21.599999999999998,85.16666666666667,65.83333333333333,43.0,1009.0500000000001,1011.4,1007.1166666666667,11.950000000000001,2.67,0.18216666666666667,0.1205,0.19466666666666665,28.8,30.05,28.5,29.55,0.1595
2022,19,27.316666666666666,23.349999999999998,82.5,72.66666666666667,59.0,1005.6666666666666,1008.0833333333334,1003.6833333333334,11.85,1.9666666666666668,0.29933333333333334,0.26533333333333337,0.30616666666666664,28.71666666666667,28.55,28.78333333333333,28.650000000000002,0.28683333333333333
2022,20,,,,,,,,,,,,,,,,,,
2022,21,,,,,,,,,,,,,,,,,,
2022,22,23.633333333333336,16.466666666666665,80.33333333333333,57.666666666666664,36.333333333333336,1011.6,1013.8333333333334,1009.5,9.766666666666667,2.7733333333333334,0.20666666666666667,0.12533333333333332,0.22466666666666668,25.366666666666664,25.900000000000002,25.233333333333334,25.633333333333336,0.17033333333333334
2022,23,28.428571428571427,25.342857142857145,91.85714285714286,77.71428571428571,60.57142857142857,1004.0857142857143,1006.2714285714285,1001.8000000000001,12.442857142857145,1.9157142857142857,0.26871428571428574,0.24042857142857144,0.2725714285714286,30.5,31.057142857142857,30.314285714285713,30.885714285714283,0.265
2022,24,26.35,19.35,75.0,57.0,36.0,1012.3499999999999,1015.0,1010.05,11.15,3.215,0.201,0.1225,0.21999999999999997,28.0,28.15,27.95,28.15,0.16299999999999998
2022,25,,,,,,,,,,,,,,,,,,
2022,26,22.4,20.4,92.0,74.0,50.0,1011.7,1013.4,1009.6,7.9,1.69,0.224,0.133,0.244,24.8,24.3,25.0,24.4,0.188
2022,27,28.17142857142857,22.885714285714283,87.57142857142857,68.14285714285714,45.857142857142854,1005.7428571428571,1008.0285714285714,1003.6857142857143,13.1,3.0542857142857143,0.2332857142857143,0.1972857142857143,0.23857142857142857,29.571428571428573,30.842857142857145,29.271428571428572,30.214285714285715,0.227
2022,28,26.425,23.275,89.0,75.25,56.25,1008.25,1010.375,1005.9,8.25,2.0175,0.26775,0.249,0.27675,28.525,28.125,28.6,28.425,0.24375000000000002
2022,29,,,,,,,,,,,,,,,,,,
2022,30,,,,,,,,,,,,,,,,,,
2022,31,26.52,21.14,89.6,62.4,33.4,1008.9799999999999,1011.76,1006.86,11.16,3.6120000000000005,0.1856,0.12,0.1992,28.24,29.76,27.8,29.18,0.16040000000000001
2022,32,27.314285714285713,23.957142857142856,90.0,77.0,63.0,1004.8000000000001,1007.1285714285714,1002.7142857142857,12.214285714285714,1.662857142857143,0.28814285714285715,0.27999999999999997,0.28900000000000003,29.285714285714285,29.057142857142857,29.32857142857143,29.17142857142857,0.28771428571428576
2022,33,,,,,,,,,,,,,,,,,,
2022,34,,,,,,,,,,,,,,,,,,
2022,35,20.75,15.0,89.5,53.0,35.0,1013.4,1015.5999999999999,1011.35,12.85,2.09,0.2145,0.1255,0.23399999999999999,24.299999999999997,23.15,24.55,23.9,0.175
2022,36,28.97142857142857,24.9,88.28571428571429,73.14285714285714,55.57142857142857,1002.6142857142858,1004.9,1000.4142857142857,14.0,2.3542857142857145,0.252,0.23785714285714285,0.25414285714285717,30.47142857142857,31.685714285714287,30.114285714285717,31.257142857142856,0.24942857142857142
2022,37,25.833333333333332,18.333333333333332,80.0,60.333333333333336,44.333333333333336,1009.9333333333334,1012.3666666666667,1007.6,10.466666666666667,2.64,0.25333333333333335,0.209,0.261,28.03333333333333,27.400000000000002,28.233333333333334,27.599999999999998,0.24066666666666667
2022,38,,,,,,,,,,,,,,,,,,
2022,39,,,,,,,,,,,,,,,,,,
2022,40,26.599999999999998,21.2,81.57142857142857,63.42857142857143,45.0,1007.0714285714286,1009.5571428571428,1005.1285714285714,14.200000000000001,2.5500000000000003,0.214,0.16471428571428573,0.22342857142857145,29.014285714285712,29.74285714285714,28.8,29.514285714285712,0.19742857142857145
2022,41,26.52,22.740000000000002,84.0,71.8,57.8,1005.5200000000001,1007.64,1003.22,12.7,1.948,0.2952,0.2806,0.298,28.52,28.04,28.639999999999997,28.24,0.2898
2022,42,,,,,,,,,,,,,,,,,,
2022,43,,,,,,,,,,,,,,,,,,
2022,44,24.925,15.7,69.75,50.25,32.75,1010.475,1013.225,1008.125,13.575,3.1325,0.19075,0.12075,0.20550000000000002,26.975,27.625,26.8,27.35,0.1615
2022,45,28.0,25.0,89.85714285714286,77.71428571428571,63.857142857142854,1003.2714285714285,1005.3000000000001,1001.1,15.6,1.8114285714285714,0.29057142857142854,0.28885714285714287,0.29071428571428576,30.057142857142857,29.942857142857143,30.02857142857143,30.085714285714285,0.291
2022,46,24.9,17.2,64.0,51.0,34.0,1009.8,1012.2,1007.7,10.6,2.91,0.186,0.117,0.202,27.0,26.2,27.3,26.0,0.153
2022,47,,,,,,,,,,,,,,,,,,
2022,48,20.65,13.0,67.5,50.5,32.5,1012.5,1015.65,1010.1500000000001,13.05,2.6,0.21200000000000002,0.1265,0.23199999999999998,24.15,22.950000000000003,24.45,23.450000000000003,0.173
2022,49,28.271428571428572,23.514285714285712,84.57142857142857,72.57142857142857,59.714285714285715,1002.7714285714285,1004.9857142857143,1000.3571428571429,16.757142857142856,2.064285714285714,0.2604285714285714,0.2552857142857143,0.26,30.25714285714286,30.528571428571432,30.142857142857142,30.557142857142857,0.26485714285714285
2022,50,27.099999999999998,22.099999999999998,78.0,65.33333333333333,49.333333333333336,1010.4,1012.8666666666667,1007.8333333333334,9.366666666666667,2.453333333333333,0.249,0.20233333333333334,0.25866666666666666,28.2,28.53333333333333,28.2,28.2,0.22999999999999998
2022,51,,,,,,,,,,,,,,,,,,
2022,52,,,,,,,,,,,,,,,,,,
2023,1,26.285714285714285,21.057142857142857,83.85714285714286,64.71428571428571,44.857142857142854,1009.9,1012.1285714285714,1007.8714285714286,13.857142857142858,2.582857142857143,0.198,0.16128571428571428,0.2025714285714286,28.842857142857145,29.314285714285713,28.714285714285715,29.014285714285712,0.1937142857142857
2023,2,27.54,24.119999999999997,85.4,74.0,58.4,1007.54,1009.5799999999999,1005.3799999999999,13.1,2.0040000000000004,0.2918,0.254,0.3002,28.860000000000003,28.9,28.919999999999998,28.78,0.2752
2023,3,,,,,,,,,,,,,,,,,,
2023,4,,,,,,,,,,,,,,,,,,
2023,5,25.2,17.625,76.0,52.5,28.25,1012.9749999999999,1015.65,1010.675,12.125,3.5424999999999995,0.18125,0.12025000000000001,0.1925,26.75,27.575,26.6,27.025,0.16125
2023,6,28.5,24.285714285714285,85.71428571428571,73.42857142857143,58.857142857142854,1006.4857142857144,1008.5571428571429,1004.5571428571428,15.071428571428571,1.987142857142857,0.2684285714285714,0.227,0.277,30.38571428571429,31.0,30.24285714285714,30.685714285714287,0.2527142857142857
2023,7,24.5,22.0,91.0,82.0,64.0,1010.5,1012.5,1008.2,12.3,1.49,0.226,0.276,0.209,27.1,25.6,27.5,25.9,0.27
2023,8,,,,,,,,,,,,,,,,,,
2023,9,25.275,16.15,73.5,51.5,33.0,1012.95,1015.45,1010.6,11.3,3.1925,0.18025,0.11975000000000001,0.192,26.9,27.85,26.675,27.35,0.1605
2023,10,28.685714285714287,24.32857142857143,83.71428571428571,72.85714285714286,59.285714285714285,1006.1428571428571,1008.2571428571429,1004.1,15.271428571428572,1.997142857142857,0.26657142857142857,0.22,0.27685714285714286,30.428571428571427,31.12857142857143,30.25714285714286,30.82857142857143,0.2472857142857143
2023,11,24.9,22.0,89.0,78.0,65.0,1011.1,1013.4,1008.6,15.3,1.42,0.225,0.265,0.209,27.1,26.1,27.4,26.2,0.266
2023,12,,,,,,,,,,,,,,,,,,
2023,13,20.3,13.4,72.0,52.0,43.0,1015.1,1017.9,1012.7,19.0,1.9,0.203,0.126,0.217,24.5,22.3,25.1,23.2,0.181
2023,14,28.214285714285715,22.228571428571428,82.85714285714286,66.0,47.57142857142857,1007.5,1009.9571428571428,1005.3714285714286,14.114285714285714,2.7485714285714287,0.2225714285714286,0.19242857142857142,0.22885714285714284,29.74285714285714,31.02857142857143,29.37142857142857,30.485714285714288,0.21142857142857144
2023,15,27.5,22.175,79.5,66.25,50.5,1008.525,1010.625,1006.2,12.275,2.4724999999999997,0.25675000000000003,0.19675,0.26875,29.0,29.125,28.975,29.0,0.23424999999999999
2023,16,,,,,,,,,,,,,,,,,,
2023,17,,,,,,,,,,,,,,,,,,
2023,18,27.333333333333332,20.55,81.16666666666667,60.666666666666664,39.166666666666664,1010.0500000000001,1012.5833333333334,1007.5166666666668,12.416666666666666,3.098333333333333,0.1705,0.11783333333333335,0.18016666666666667,29.2,30.566666666666666,28.833333333333332,29.983333333333334,0.154
2023,19,27.55,23.849999999999998,86.16666666666667,73.66666666666667,60.5,1006.4666666666667,1008.35,1004.2333333333332,13.75,1.8983333333333334,0.2925,0.252,0.301,29.016666666666666,29.066666666666666,29.016666666666666,28.983333333333334,0.2763333333333333
2023,20,,,,,,,,,,,,,,,,,,
2023,21,,,,,,,,,,,,,,,,,,
2023,22,25.766666666666666,16.866666666666667,75.0,52.333333333333336,32.666666666666664,1013.6666666666666,1016.3333333333334,1011.6333333333333,10.9,3.1133333333333333,0.18333333333333335,0.11933333333333333,0.19666666666666666,26.5,27.8,26.2,27.03333333333333,0.16
2023,23,28.87142857142857,25.071428571428573,89.57142857142857,73.85714285714286,58.42857142857143,1005.3571428571429,1007.5857142857143,1003.2285714285715,15.842857142857143,2.0785714285714287,0.25385714285714284,0.20985714285714288,0.26257142857142857,30.599999999999998,31.52857142857143,30.32857142857143,31.185714285714287,0.23857142857142857
2023,24,26.15,20.15,75.0,56.5,38.5,1011.25,1013.5,1008.8,11.25,3.145,0.2195,0.176,0.22749999999999998,28.15,27.4,28.4,27.7,0.20900000000000002
2023,25,,,,,,,,,,,,,,,,,,
2023,26,24.6,19.9,81.0,63.0,38.0,1016.0,1018.8,1013.6,11.1,2.71,0.2,0.122,0.215,25.3,26.1,25.1,25.5,0.175
2023,27,28.157142857142855,23.142857142857142,86.57142857142857,65.57142857142857,52.0,1007.1,1009.0285714285714,1005.0571428571428,16.485714285714288,2.3285714285714287,0.2225714285714286,0.18728571428571428,0.2287142857142857,29.914285714285715,31.071428571428573,29.614285714285717,30.657142857142855,0.21228571428571427
2023,28,26.9,22.175,81.5,69.0,53.75,1008.725,1011.125,1006.5,11.125,2.175,0.24925,0.181,0.26425,28.9,28.475,29.0,28.775,0.22025
2023,29,,,,,,,,,,,,,,,,,,
2023,30,,,,,,,,,,,,,,,,,,
2023,31,26.839999999999996,19.02,83.2,52.2,32.6,1011.4200000000001,1013.9200000000001,1009.22,10.5,3.348,0.1718,0.11420000000000001,0.183,28.619999999999997,30.139999999999997,28.2,29.580000000000002,0.153
2023,32,27.599999999999998,24.7,88.85714285714286,76.0,61.57142857142857,1006.8857142857142,1008.9142857142857,1004.9571428571428,16.02857142857143,1.8057142857142858,0.27385714285714285,0.25671428571428573,0.2785714285714286,29.571428571428573,29.099999999999998,29.685714285714287,29.3,0.26371428571428573
2023,33,,,,,,,,,,,,,,,,,,
2023,34,,,,,,,,,,,,,,,,,,
2023,35,23.35,14.399999999999999,73.0,44.5,22.0,1014.1,1016.4000000000001,1012.2,9.95,3.3949999999999996,0.1895,0.1185,0.20400000000000001,25.6,25.15,25.6,25.55,0.162
2023,36,29.17142857142857,23.442857142857143,82.85714285714286,68.14285714285714,52.42857142857143,1006.6428571428571,1008.9285714285714,1004.7285714285715,17.257142857142856,2.5728571428571425,0.24214285714285716,0.22614285714285715,0.244,30.47142857142857,31.442857142857143,30.25714285714286,30.928571428571427,0.24100000000000002
2023,37,26.96666666666667,22.233333333333334,84.66666666666667,65.33333333333333,43.0,1011.6999999999999,1014.3333333333334,1009.8000000000001,9.533333333333333,2.83,0.23866666666666667,0.167,0.253,28.53333333333333,28.333333333333332,28.633333333333336,28.266666666666666,0.214
2023,38,,,,,,,,,,,,,,,,,,
2023,39,,,,,,,,,,,,,,,,,,
2023,40,27.75714285714286,21.057142857142857,81.57142857142857,57.57142857142857,36.142857142857146,1008.6999999999999,1011.3285714285714,1006.4714285714286,13.799999999999999,3.392857142857143,0.203,0.1605714285714286,0.21,29.47142857142857,30.400000000000002,29.24285714285714,30.04285714285714,0.19357142857142856
2023,41,27.3,23.54,85.0,71.8,56.0,1009.3399999999999,1011.36,1007.22,13.040000000000001,2.09,0.2728,0.2258,0.2826,28.78,28.660000000000004,28.860000000000003,28.580000000000002,0.2544
2023,42,,,,,,,,,,,,,,,,,,
2023,43,,,,,,,,,,,,,,,,,,
2023,44,26.325,16.825,75.5,46.5,24.0,1012.175,1014.925,1010.125,10.4,3.995,0.1755,0.11750000000000001,0.18675,27.7,28.7,27.45,28.275,0.15525
2023,45,29.571428571428573,24.585714285714285,83.0,68.42857142857143,53.42857142857143,1006.6999999999999,1008.6,1004.7285714285715,15.885714285714286,2.84,0.2662857142857143,0.22114285714285714,0.2752857142857143,30.542857142857144,31.457142857142856,30.357142857142858,30.928571428571427,0.2502857142857143
2023,46,23.0,19.1,88.0,67.0,54.0,1011.7,1014.2,1009.8,9.1,1.77,0.212,0.173,0.212,26.4,24.7,26.9,25.5,0.224
2023,47,,,,,,,,,,,,,,,,,,
2023,48,23.9,17.45,87.5,57.0,38.0,1013.45,1015.9,1011.25,11.3,2.76,0.188,0.118,0.203,25.55,25.75,25.65,25.25,0.16
2023,49,29.914285714285715,23.428571428571427,79.71428571428571,64.14285714285714,47.285714285714285,1005.9285714285714,1008.1,1003.9285714285714,16.814285714285713,3.3614285714285717,0.242,0.21028571428571427,0.24757142857142855,30.771428571428572,32.3,30.37142857142857,31.62857142857143,0.23399999999999999
2023,50,26.400000000000002,21.233333333333334,81.0,59.0,41.666666666666664,1011.9333333333334,1014.1333333333333,1009.9,9.200000000000001,2.8633333333333333,0.22966666666666669,0.151,0.246,28.46666666666667,28.03333333333333,28.599999999999998,28.266666666666666,0.19999999999999998
2023,51,,,,,,,,,,,,,,,,,,
2023,52,,,,,,,,,,,,,,,,,,
2024,1,27.5,22.685714285714287,89.14285714285714,65.71428571428571,40.0,1007.4714285714286,1009.7428571428571,1005.3857142857142,15.442857142857145,3.1557142857142857,0.18371428571428572,0.16942857142857143,0.18214285714285713,29.67142857142857,30.171428571428574,29.52857142857143,30.02857142857143,0.19328571428571428
2024,2,26.98,23.34,85.2,74.2,62.0,1006.6200000000001,1008.8399999999999,1004.54,13.24,1.754,0.3556,0.28959999999999997,0.3718,28.02,27.939999999999998,28.060000000000002,27.96,0.3224
2024,3,,,,,,,,,,,,,,,,,,
2024,4,,,,,,,,,,,,,,,,,,
2024,5,25.25,20.85,95.5,64.75,42.5,1011.325,1013.575,1008.8,11.5,2.6275,0.17425000000000002,0.12675,0.18375,27.525,28.025,27.4,27.9,0.1565
2024,6,28.785714285714285,25.014285714285712,88.57142857142857,73.85714285714286,59.285714285714285,1004.3857142857142,1006.2285714285715,1002.2714285714285,16.385714285714286,2.0714285714285716,0.2982857142857143,0.286,0.29857142857142854,30.271428571428572,30.385714285714283,30.24285714285714,30.400000000000002,0.3021428571428571
2024,7,25.4,19.2,70.0,57.0,41.0,1008.5,1010.5,1006.1,12.1,2.77,0.278,0.127,0.311,25.8,25.9,25.9,25.2,0.217
2024,8,,,,,,,,,,,,,,,,,,
2024,9,24.475,17.975,85.25,59.0,33.0,1011.825,1014.15,1009.5,10.950000000000001,3.0925,0.1735,0.1275,0.183,27.475,27.575,27.4,27.725,0.15575
2024,10,28.785714285714285,25.214285714285715,88.57142857142857,75.71428571428571,60.714285714285715,1004.9,1007.0142857142857,1002.8571428571429,16.285714285714285,2.08,0.29928571428571427,0.28671428571428575,0.2997142857142857,30.271428571428572,30.428571428571427,30.25714285714286,30.342857142857145,0.302
2024,11,26.9,21.0,69.0,58.0,46.0,1009.9,1012.0,1007.5,12.6,2.56,0.276,0.126,0.309,26.2,27.4,26.0,26.3,0.216
2024,12,,,,,,,,,,,,,,,,,,
2024,13,22.0,19.1,90.0,70.0,52.0,1012.1,1014.7,1009.3,14.9,1.82,0.193,0.134,0.206,25.6,24.0,26.1,24.4,0.168
2024,14,28.4,22.97142857142857,87.28571428571429,64.42857142857143,43.0,1007.1999999999999,1009.342857142857,1005.0857142857143,15.714285714285714,3.21,0.2187142857142857,0.20828571428571427,0.21828571428571428,30.0,30.7,29.885714285714283,30.314285714285717,0.22385714285714284
2024,15,27.625,23.45,83.5,72.0,60.75,1008.2,1010.525,1006.0,12.225,1.825,0.33175,0.25425000000000003,0.34875,28.15,28.5,28.075,28.3,0.2985
2024,16,,,,,,,,,,,,,,,,,,
2024,17,,,,,,,,,,,,,,,,,,
2024,18,27.86666666666667,20.866666666666667,80.16666666666667,53.833333333333336,31.5,1009.7666666666668,1012.2666666666668,1007.4,13.766666666666666,3.74,0.16583333333333333,0.12666666666666668,0.17300000000000001,29.650000000000002,30.650000000000002,29.399999999999995,30.183333333333334,0.153
2024,19,27.366666666666664,24.316666666666666,86.66666666666667,77.33333333333333,66.66666666666667,1005.9833333333332,1007.9166666666666,1003.8666666666667,14.350000000000001,1.53,0.3408333333333333,0.30683333333333335,0.3465,28.483333333333334,28.21666666666667,28.55,28.333333333333332,0.33266666666666667
2024,20,,,,,,,,,,,,,,,,,,
2024,21,,,,,,,,,,,,,,,,,,
2024,22,24.233333333333334,17.733333333333334,86.0,58.0,34.0,1013.2666666666668,1015.6333333333333,1010.8333333333334,10.733333333333334,2.84,0.17733333333333334,0.127,0.18833333333333332,26.433333333333334,26.5,26.5,26.266666666666666,0.15666666666666665
2024,23,29.385714285714283,25.142857142857142,88.85714285714286,72.0,56.285714285714285,1004.8000000000001,1006.8857142857142,1002.7714285714285,16.614285714285714,2.4285714285714284,0.2792857142857143,0.2711428571428572,0.27885714285714286,30.642857142857142,31.342857142857145,30.457142857142856,31.057142857142857,0.28385714285714286
2024,24,26.45,19.35,67.0,53.0,35.5,1011.45,1014.1,1009.4000000000001,11.6,3.17,0.264,0.138,0.29100000000000004,27.700000000000003,27.7,27.6,27.85,0.213
2024,25,,,,,,,,,,,,,,,,,,
2024,26,24.2,18.9,80.0,64.0,39.0,1012.6,1015.2,1009.9,12.1,2.68,0.191,0.13,0.204,25.7,25.6,25.9,25.0,0.165
2024,27,28.5,22.271428571428572,86.14285714285714,62.57142857142857,43.142857142857146,1007.0285714285714,1009.157142857143,1004.7714285714285,15.828571428571427,2.9628571428571426,0.217,0.19828571428571426,0.2187142857142857,30.214285714285715,31.185714285714287,29.942857142857143,30.8,0.21700000000000003
2024,28,26.375,21.625,80.0,67.25,49.5,1009.325,1011.525,1007.3,9.375,2.3525,0.3175,0.23450000000000001,0.33625,28.15,27.825,28.225,28.075,0.28175
2024,29,,,,,,,,,,,,,,,,,,
2024,30,,,,,,,,,,,,,,,,,,
2024,31,27.32,20.06,79.8,54.4,33.0,1010.5799999999999,1013.4399999999999,1008.36,13.14,3.3659999999999997,0.1674,0.1258,0.1754,28.919999999999998,30.1,28.639999999999997,29.5,0.1528
2024,32,27.457142857142856,23.514285714285712,84.57142857142857,71.71428571428571,58.42857142857143,1006.4571428571428,1008.6857142857143,1004.3857142857142,12.4,1.8557142857142856,0.30257142857142855,0.2591428571428572,0.3117142857142857,29.314285714285713,28.97142857142857,29.342857142857145,29.257142857142856,0.2854285714285714
2024,33,,,,,,,,,,,,,,,,,,
2024,34,,,,,,,,,,,,,,,,,,
2024,35,24.5,16.2,63.5,52.0,40.0,1014.0,1016.25,1011.8499999999999,14.15,2.395,0.1825,0.128,0.1945,26.3,26.4,26.25,26.45,0.158
2024,36,28.67142857142857,24.442857142857143,90.0,70.71428571428571,54.57142857142857,1005.3000000000001,1007.4285714285714,1003.2142857142857,15.042857142857143,2.31,0.24757142857142858,0.24114285714285713,0.24885714285714286,30.542857142857144,31.214285714285715,30.314285714285713,31.014285714285712,0.24557142857142855
2024,37,25.133333333333336,16.7,71.33333333333333,56.0,41.666666666666664,1010.8000000000001,1013.3000000000001,1008.5666666666666,9.4,2.4533333333333336,0.278,0.17633333333333334,0.302,27.833333333333332,26.733333333333334,28.066666666666666,27.333333333333332,0.2313333333333333
2024,38,,,,,,,,,,,,,,,,,,
2024,39,,,,,,,,,,,,,,,,,,
2024,40,27.585714285714285,21.97142857142857,84.85714285714286,65.14285714285714,45.714285714285715,1009.0285714285714,1010.8000000000001,1006.8000000000001,14.1,2.5342857142857143,0.18485714285714286,0.16585714285714287,0.18771428571428572,29.814285714285713,30.314285714285713,29.657142857142855,30.185714285714287,0.18128571428571427
2024,41,25.880000000000003,21.16,80.2,70.6,57.4,1007.7199999999999,1009.9,1005.72,13.440000000000001,1.8239999999999998,0.3258,0.2792,0.3404,28.02,26.98,28.28,27.54,0.29259999999999997
2024,42,,,,,,,,,,,,,,,,,,
2024,43,,,,,,,,,,,,,,,,,,
2024,44,26.075000000000003,19.625,83.5,57.75,38.0,1012.675,1015.35,1010.375,12.45,2.9225,0.17049999999999998,0.12975,0.17925000000000002,27.925,28.625,27.775,28.325000000000003,0.15325
2024,45,28.37142857142857,24.67142857142857,85.57142857142857,75.42857142857143,60.0,1005.5,1007.6,1003.3714285714286,15.857142857142858,2.0100000000000002,0.2824285714285714,0.27799999999999997,0.28385714285714286,30.228571428571428,30.085714285714285,30.24285714285714,30.142857142857142,0.2794285714285714
2024,46,22.0,15.9,57.0,48.0,37.0,1011.9,1014.5,1010.0,12.1,2.54,0.263,0.125,0.294,25.3,23.5,25.9,23.7,0.203
2024,47,,,,,,,,,,,,,,,,,,
2024,48,24.4,18.65,87.5,58.5,36.5,1013.8,1016.05,1011.45,10.75,2.785,0.182,0.1355,0.194,26.35,26.35,26.4,26.4,0.158
2024,49,28.685714285714287,24.75714285714286,87.14285714285714,73.14285714285714,56.285714285714285,1006.0714285714286,1008.2857142857143,1004.0285714285714,16.842857142857145,2.1814285714285715,0.24857142857142858,0.24585714285714286,0.24714285714285714,30.5,30.985714285714288,30.385714285714283,30.771428571428572,0.25485714285714284
2024,50,25.133333333333336,20.900000000000002,76.0,63.666666666666664,46.666666666666664,1010.1,1012.3666666666667,1007.9,9.9,2.3066666666666666,0.29233333333333333,0.22333333333333336,0.3073333333333333,27.2,26.099999999999998,27.53333333333333,26.400000000000002,0.26333333333333336
2024,51,,,,,,,,,,,,,,,,,,
2024,52,,,,,,,,,,,,,,,,,,
2025,1,27.442857142857143,21.62857142857143,86.57142857142857,58.857142857142854,39.714285714285715,1007.4857142857143,1009.7428571428571,1005.4714285714286,13.328571428571427,3.1157142857142857,0.23414285714285715,0.16871428571428573,0.24642857142857144,28.928571428571427,29.47142857142857,28.75714285714286,29.300000000000004,0.21300000000000002
2025,2,26.360000000000003,23.9,89.6,79.0,66.2,1005.9200000000001,1007.5600000000001,1003.86,16.48,1.3940000000000001,0.3726,0.3364,0.3778,27.360000000000003,27.060000000000002,27.52,26.96,0.36619999999999997
2025,3,,,,,,,,,,,,,,,,,,
2025,4,,,,,,,,,,,,,,,,,,
2025,5,25.825,18.925,79.25,54.25,29.75,1010.6,1013.075,1008.425,9.225,3.3425,0.21175,0.122,0.23375,27.3,28.075000000000003,27.125,27.675,0.1665
2025,6,28.25714285714286,25.114285714285717,90.28571428571429,79.14285714285714,65.71428571428571,1004.4285714285714,1006.1285714285714,1002.3285714285714,16.728571428571428,1.6871428571428573,0.33442857142857146,0.3188571428571429,0.335,29.271428571428572,29.428571428571427,29.271428571428572,29.314285714285713,0.3384285714285714
2025,7,22.5,19.0,76.0,61.0,38.0,1012.0,1014.4,1009.7,11.0,2.51,0.295,0.133,0.33,25.2,23.9,25.5,24.3,0.231
2025,8,,,,,,,,,,,,,,,,,,
2025,9,25.5,19.725,92.25,60.0,34.0,1011.3,1013.675,1009.25,9.175,2.9875,0.21075,0.12175,0.23225,27.3,27.875,27.15,27.65,0.1665
2025,10,28.214285714285715,25.25714285714286,91.0,79.57142857142857,66.14285714285714,1005.1142857142858,1006.7714285714285,1003.1999999999999,16.057142857142857,1.5557142857142858,0.3312857142857143,0.3068571428571429,0.3338571428571429,29.32857142857143,29.585714285714285,29.25714285714286,29.414285714285715,0.33028571428571424
2025,11,23.6,14.3,75.0,54.0,32.0,1013.5,1015.7,1011.6,12.5,2.9,0.293,0.132,0.328,25.1,24.2,25.4,24.3,0.229
2025,12,,,,,,,,,,,,,,,,,,
2025,13,22.8,16.8,76.0,61.0,44.0,1011.9,1014.7,1009.5,7.1,2.19,0.242,0.123,0.269,25.3,24.7,25.4,25.0,0.186
2025,14,27.585714285714285,23.157142857142855,89.28571428571429,67.28571428571429,52.42857142857143,1007.5142857142857,1009.7428571428571,1005.5142857142857,16.657142857142855,2.0300000000000002,0.25114285714285717,0.20714285714285713,0.26085714285714284,29.3,29.585714285714285,29.2,29.457142857142856,0.23185714285714284
2025,15,26.15,22.025,86.75,75.5,61.25,1009.15,1011.35,1007.3,12.85,1.5925,0.36,0.30175,0.371,27.225,26.95,27.275,27.075,0.341
2025,16,,,,,,,,,,,,,,,,,,
2025,17,,,,,,,,,,,,,,,,,,
2025,18,27.116666666666664,17.233333333333334,72.16666666666667,50.5,32.833333333333336,1009.6833333333334,1012.0500000000001,1007.4166666666666,14.4,3.435,0.20199999999999999,0.13433333333333333,0.21666666666666667,28.833333333333332,29.433333333333334,28.7,29.099999999999998,0.17316666666666666
2025,19,26.349999999999998,23.116666666666664,87.5,79.16666666666667,67.0,1007.5166666666665,1009.2666666666668,1005.6833333333334,13.6,1.3800000000000001,0.3681666666666667,0.3213333333333333,0.37733333333333335,27.633333333333336,27.116666666666664,27.78333333333333,27.28333333333333,0.3521666666666667
2025,20,,,,,,,,,,,,,,,,,,
2025,21,,,,,,,,,,,,,,,,,,
2025,22,23.933333333333334,11.833333333333334,53.0,38.0,28.0,1012.2333333333332,1014.9666666666667,1009.9333333333334,14.299999999999999,3.03,0.21933333333333335,0.12233333333333334,0.24333333333333332,26.099999999999998,25.766666666666666,26.233333333333334,25.900000000000002,0.16966666666666666
2025,23,28.214285714285715,24.385714285714283,87.85714285714286,76.28571428571429,60.857142857142854,1005.7428571428571,1007.8571428571429,1003.8142857142857,14.685714285714285,2.1214285714285714,0.29642857142857143,0.2782857142857143,0.3002857142857143,29.542857142857144,29.385714285714283,29.542857142857144,29.5,0.2897142857142857
2025,24,24.450000000000003,18.4,83.5,61.0,39.0,1013.45,1015.45,1011.5999999999999,10.35,2.67,0.3315,0.22,0.35450000000000004,26.25,25.55,26.4,25.8,0.289
2025,25,,,,,,,,,,,,,,,,,,
2025,26,21.0,12.1,67.0,50.0,32.0,1013.7,1016.9,1011.2,16.1,2.51,0.244,0.123,0.272,24.7,22.8,25.2,23.6,0.185
2025,27,28.428571428571427,22.014285714285712,78.14285714285714,60.714285714285715,45.857142857142854,1006.8142857142857,1009.1285714285714,1004.8714285714286,14.171428571428573,2.954285714285714,0.24471428571428572,0.21842857142857142,0.25214285714285717,29.24285714285714,29.857142857142858,29.157142857142855,29.457142857142856,0.22771428571428573
2025,28,25.025,21.275,82.75,70.0,55.5,1010.6,1012.675,1008.675,12.85,1.88,0.35425,0.29375,0.368,26.85,25.85,27.15,26.225,0.32725
2025,29,,,,,,,,,,,,,,,,,,
2025,30,,,,,,,,,,,,,,,,,,
2025,31,27.080000000000002,18.7,75.0,51.8,32.0,1009.0,1011.5799999999999,1006.9399999999999,11.02,3.7439999999999998,0.2012,0.16499999999999998,0.2118,28.139999999999997,28.7,28.080000000000002,28.22,0.1758
2025,32,26.771428571428572,22.942857142857143,84.42857142857143,70.85714285714286,56.57142857142857,1008.5142857142857,1010.3714285714286,1006.657142857143,13.757142857142856,1.9242857142857144,0.3355714285714286,0.26857142857142857,0.348,28.042857142857144,27.900000000000002,28.12857142857143,27.814285714285713,0.315
2025,33,,,,,,,,,,,,,,,,,,
2025,34,,,,,,,,,,,,,,,,,,
2025,35,23.95,16.0,71.0,50.0,31.0,1011.8,1014.2,1009.45,8.7,3.01,0.22849999999999998,0.1225,0.254,25.25,25.5,25.3,25.15,0.1745
2025,36,28.814285714285717,24.17142857142857,88.71428571428571,69.28571428571429,54.57142857142857,1006.342857142857,1008.5571428571428,1004.342857142857,12.442857142857141,2.524285714285714,0.269,0.23757142857142854,0.2737142857142857,29.714285714285715,30.62857142857143,29.485714285714288,30.157142857142855,0.26271428571428573
2025,37,24.233333333333334,16.966666666666665,75.66666666666667,56.333333333333336,34.333333333333336,1012.8666666666667,1015.1999999999999,1011.0333333333333,9.9,2.9166666666666665,0.32666666666666666,0.216,0.3516666666666666,26.3,25.066666666666666,26.7,25.433333333333334,0.27999999999999997
2025,38,,,,,,,,,,,,,,,,,,
2025,39,,,,,,,,,,,,,,,,,,
2025,40,27.97142857142857,21.17142857142857,81.85714285714286,61.0,44.285714285714285,1007.5142857142857,1009.9857142857143,1005.3857142857142,11.6,2.904285714285714,0.2265714285714286,0.17671428571428574,0.23585714285714285,28.942857142857147,30.085714285714285,28.642857142857142,29.5,0.21171428571428572
2025,41,25.32,21.26,84.6,66.2,47.8,1010.4799999999999,1012.64,1008.6600000000001,9.84,2.2939999999999996,0.3388,0.22760000000000002,0.3624,27.1,26.439999999999998,27.28,26.6,0.2948
2025,42,,,,,,,,,,,,,,,,,,
2025,43,,,,,,,,,,,,,,,,,,
2025,44,26.15,20.825,90.0,60.5,33.75,1010.475,1012.85,1008.275,10.899999999999999,3.1950000000000003,0.2055,0.12125,0.2255,27.825,28.700000000000003,27.525,28.525,0.16325
2025,45,27.657142857142855,23.842857142857145,86.0,72.28571428571429,55.57142857142857,1006.8000000000001,1008.9,1004.8142857142857,11.700000000000001,2.032857142857143,0.30657142857142855,0.2357142857142857,0.31857142857142856,28.857142857142858,29.057142857142853,28.857142857142858,28.814285714285713,0.28985714285714287
2025,46,22.0,18.5,74.0,55.0,26.0,1014.4,1017.2,1012.6,10.0,3.2,0.277,0.126,0.31,24.9,23.5,25.3,24.2,0.215
2025,47,,,,,,,,,,,,,,,,,,
2025,48,23.049999999999997,16.35,83.5,52.5,38.0,1014.05,1017.0,1011.85,12.5,2.325,0.22599999999999998,0.1225,0.251,25.25,24.9,25.35,24.9,0.1735
2025,49,28.97142857142857,24.985714285714288,91.0,75.14285714285714,57.714285714285715,1005.1714285714286,1007.4,1003.0285714285714,12.9,2.105714285714286,0.26,0.202,0.27,30.085714285714285,31.32857142857143,29.74285714285714,30.842857142857145,0.24371428571428572
2025,50,23.599999999999998,17.599999999999998,78.33333333333333,56.0,32.0,1012.3666666666667,1014.4,1010.4333333333334,8.866666666666667,3.0066666666666664,0.3146666666666667,0.17800000000000002,0.3436666666666666,25.8,24.166666666666668,26.233333333333334,24.733333333333334,0.261
2025,51,,,,,,,,,,,,,,,,,,
2025,52,,,,,,,,,,,,,,,,,,
2026,1,23.65,19.950000000000003,96.0,73.0,59.0,1013.35,1015.3,1011.6,9.2,1.53,0.2375,0.1325,0.263,24.799999999999997,25.299999999999997,24.700000000000003,24.799999999999997,0.1825
2026,2,,,,,,,,,,,,,,,,,,
2026,3,,,,,,,,,,,,,,,,,,
2026,4,,,,,,,,,,,,,,,,,,
2026,5,23.6,18.65,81.5,62.0,44.0,1014.25,1016.55,1012.55,12.75,2.34,0.236,0.1285,0.262,24.9,25.35,24.75,25.05,0.1825
2026,6,,,,,,,,,,,,,,,,,,
2026,7,,,,,,,,,,,,,,,,,,
2026,8,,,,,,,,,,,,,,,,,,
2026,9,23.15,18.95,77.5,64.0,45.5,1014.45,1016.7,1012.5,12.9,2.2350000000000003,0.235,0.1305,0.261,24.85,25.0,24.799999999999997,25.0,0.1815
2026,10,,,,,,,,,,,,,,,,,,
2026,11,,,,,,,,,,,,,,,,,,
2026,12,,,,,,,,,,,,,,,,,,
2026,13,21.4,20.2,81.0,70.0,58.0,1015.1,1017.2,1012.9,13.2,1.5,0.247,0.147,0.274,24.3,23.0,24.7,23.6,0.19
2026,14,25.9,19.4,65.0,51.0,28.0,1014.6,1016.9,1012.9,12.0,3.51,0.223,0.136,0.246,25.5,27.3,25.1,26.4,0.172
2026,15,,,,,,,,,,,,,,,,,,
2026,16,,,,,,,,,,,,,,,,,,
2026,17,,,,,,,,,,,,,,,,,,
2026,18,24.049999999999997,18.4,73.5,60.0,38.0,1015.45,1017.5,1013.7,9.95,2.76,0.23399999999999999,0.139,0.259,25.0,25.4,24.9,25.200000000000003,0.1805
2026,19,,,,,,,,,,,,,,,,,,
2026,20,,,,,,,,,,,,,,,,,,
2026,21,,,,,,,,,,,,,,,,,,
2026,22,23.450000000000003,17.75,76.0,61.0,41.0,1015.75,1018.15,1013.95,9.1,2.52,0.23399999999999999,0.151,0.258,25.0,25.05,25.0,25.1,0.18
2026,23,,,,,,,,,,,,,,,,,,
2026,24,,,,,,,,,,,,,,,,,,
2026,25,,,,,,,,,,,,,,,,,,
2026,26,20.9,17.8,83.0,71.0,59.0,1016.2,1018.3,1014.4,12.1,1.36,0.247,0.175,0.271,24.0,22.2,24.5,23.0,0.189
2026,27,25.2,17.6,76.0,53.0,31.0,1014.3,1017.4,1012.1,10.0,3.3,0.219,0.122,0.243,25.9,27.3,25.6,26.8,0.17
2026,28,,,,,,,,,,,,,,,,,,
2026,29,,,,,,,,,,,,,,,,,,
2026,30,,,,,,,,,,,,,,,,,,
2026,31,23.25,16.65,75.0,57.5,40.0,1014.45,1017.0,1012.6,10.95,2.605,0.23149999999999998,0.1395,0.256,25.0,25.0,25.0,24.9,0.179
2026,32,,,,,,,,,,,,,,,,,,
2026,33,,,,,,,,,,,,,,,,,,
2026,34,,,,,,,,,,,,,,,,,,
2026,35,22.6,17.05,79.0,58.5,39.5,1014.1500000000001,1016.55,1012.45,10.7,2.315,0.23049999999999998,0.134,0.2545,24.950000000000003,24.5,25.0,24.7,0.178
2026,36,,,,,,,,,,,,,,,,,,
2026,37,,,,,,,,,,,,,,,,,,
2026,38,,,,,,,,,,,,,,,,,,
2026,39,,,,,,,,,,,,,,,,,,
2026,40,21.95,14.95,80.0,55.0,41.0,1015.15,1016.85,1013.1,13.85,2.055,0.22949999999999998,0.13,0.254,24.8,23.9,24.950000000000003,24.35,0.178
2026,41,,,,,,,,,,,,,,,,,,
2026,42,,,,,,,,,,,,,,,,,,
2026,43,,,,,,,,,,,,,,,,,,
2026,44,22.65,17.55,69.5,55.5,38.5,1015.55,1018.4000000000001,1013.45,13.45,2.415,0.22849999999999998,0.127,0.253,24.75,24.3,24.9,24.3,0.1775
2026,45,,,,,,,,,,,,,,,,,,
2026,46,,,,,,,,,,,,,,,,,,
2026,47,,,,,,,,,,,,,,,,,,
2026,48,23.35,17.25,81.5,58.5,37.0,1014.7,1016.85,1013.1,8.05,2.645,0.22749999999999998,0.125,0.252,24.85,25.15,24.9,24.75,0.177
2026,49,,,,,,,,,,,,,,,,,,
2026,50,,,,,,,,,,,,,,,,,,
2026,51,,,,,,,,,,,,,,,,,,
2026,52,,,,,,,,,,,,,,,,,,
